symbol,venue,entry_time,exit_time,entry_ms,exit_ms,duration_days,epochs,entry_basis_bps,exit_basis_bps,funding_received,drift_quote,fees_paid,pnl_quote,pnl_pct,exit_reason,exit_reason_vi,still_open
NEARUSDT,binance,2023-10-23 00:00,2023-11-14 07:00,1698019200000,1699945200000,22.292,66,9.43,0.0,485.168,47.1698,-150.0,382.3378,0.5098,take_profit,Chốt lời hội tụ Basis: Net PnL +0.51% trên vốn ≥ ngưỡng +0.50%,False
BNBUSDT,binance,2023-10-25 16:00,2023-11-10 15:00,1698249600001,1699628400000,15.958,47,13.4,-30.02,345.0265,217.1143,-150.0,412.1408,0.5495,take_profit,Chốt lời hội tụ Basis: Net PnL +0.55% trên vốn ≥ ngưỡng +0.50%,False
DOGEUSDT,binance,2023-10-26 00:00,2023-11-16 23:00,1698278400001,1700175600000,21.958,65,5.83,2.52,518.7755,16.5669,-150.0,385.3424,0.5138,take_profit,Chốt lời hội tụ Basis: Net PnL +0.51% trên vốn ≥ ngưỡng +0.50%,False
UNIUSDT,binance,2023-10-26 08:00,2023-11-21 17:00,1698307200000,1700586000000,26.375,79,6.94,4.04,514.075,14.4961,-150.0,378.5711,0.5048,take_profit,Chốt lời hội tụ Basis: Net PnL +0.50% trên vốn ≥ ngưỡng +0.50%,False
SUIUSDT,binance,2023-10-27 08:00,2023-11-12 11:00,1698393600000,1699786800000,16.125,48,13.69,7.93,502.8355,28.7919,-150.0,381.6274,0.5088,take_profit,Chốt lời hội tụ Basis: Net PnL +0.51% trên vốn ≥ ngưỡng +0.50%,False
XRPUSDT,binance,2023-10-28 00:00,2023-11-20 16:00,1698451200000,1700496000000,23.667,71,5.53,1.63,509.066,19.5255,-150.0,378.5915,0.5048,take_profit,Chốt lời hội tụ Basis: Net PnL +0.50% trên vốn ≥ ngưỡng +0.50%,False
LINKUSDT,binance,2023-10-28 08:00,2023-11-21 16:00,1698480000001,1700582400000,24.333,73,5.24,1.41,507.9625,19.1238,-150.0,377.0863,0.5028,take_profit,Chốt lời hội tụ Basis: Net PnL +0.50% trên vốn ≥ ngưỡng +0.50%,False
LTCUSDT,binance,2023-10-29 00:00,2023-11-24 00:00,1698537600000,1700784000000,26.0,78,7.38,-1.44,481.8965,44.0822,-150.0,375.9787,0.5013,take_profit,Chốt lời hội tụ Basis: Net PnL +0.50% trên vốn ≥ ngưỡng +0.50%,False
AAVEUSDT,binance,2023-10-29 08:00,2023-11-28 16:00,1698566400000,1701187200000,30.333,90,6.08,-1.01,499.2845,35.4788,-150.0,384.7633,0.513,take_profit,Chốt lời hội tụ Basis: Net PnL +0.51% trên vốn ≥ ngưỡng +0.50%,False
ETHUSDT,binance,2023-10-30 16:00,2023-11-24 22:00,1698681600000,1700863200000,25.25,75,7.56,2.07,498.0975,27.4217,-150.0,375.5192,0.5007,take_profit,Chốt lời hội tụ Basis: Net PnL +0.50% trên vốn ≥ ngưỡng +0.50%,False
BTCUSDT,binance,2023-10-31 16:00,2023-11-28 20:00,1698768000000,1701201600000,28.167,84,5.64,-3.74,479.1975,46.8948,-150.0,376.0923,0.5015,take_profit,Chốt lời hội tụ Basis: Net PnL +0.50% trên vốn ≥ ngưỡng +0.50%,False
SOLUSDT,binance,2023-11-09 08:00,2023-11-30 20:00,1699516800000,1701374400000,21.5,64,7.34,-6.0,462.5895,66.6811,-150.0,379.2706,0.5057,take_profit,Chốt lời hội tụ Basis: Net PnL +0.51% trên vốn ≥ ngưỡng +0.50%,False
BNBUSDT,binance,2023-11-11 08:00,2023-12-06 13:00,1699689600000,1701867600000,25.208,75,6.04,1.3,511.798,23.6735,-150.0,385.4715,0.514,take_profit,Chốt lời hội tụ Basis: Net PnL +0.51% trên vốn ≥ ngưỡng +0.50%,False
SUIUSDT,binance,2023-11-13 00:00,2023-12-08 04:00,1699833600000,1702008000000,25.167,75,6.41,7.34,530.0345,-4.6589,-150.0,375.3756,0.5005,take_profit,Chốt lời hội tụ Basis: Net PnL +0.50% trên vốn ≥ ngưỡng +0.50%,False
NEARUSDT,binance,2023-11-14 16:00,2023-12-08 08:00,1699977600001,1702022400000,23.667,70,19.13,0.0,446.072,95.6633,-150.0,391.7353,0.5223,take_profit,Chốt lời hội tụ Basis: Net PnL +0.52% trên vốn ≥ ngưỡng +0.50%,False
DOGEUSDT,binance,2023-11-17 08:00,2023-12-11 06:00,1700208000001,1702274400000,23.917,71,5.89,3.07,516.75,14.1137,-150.0,380.8637,0.5078,take_profit,Chốt lời hội tụ Basis: Net PnL +0.51% trên vốn ≥ ngưỡng +0.50%,False
XRPUSDT,binance,2023-11-21 00:00,2023-12-11 02:00,1700524800000,1702260000000,20.083,60,6.52,-1.61,491.4355,40.6463,-150.0,382.0818,0.5094,take_profit,Chốt lời hội tụ Basis: Net PnL +0.51% trên vốn ≥ ngưỡng +0.50%,False
UNIUSDT,binance,2023-11-23 00:00,2023-12-17 03:00,1700697600000,1702782000000,24.125,72,6.51,3.22,511.627,16.4253,-150.0,378.0523,0.5041,take_profit,Chốt lời hội tụ Basis: Net PnL +0.50% trên vốn ≥ ngưỡng +0.50%,False
LINKUSDT,binance,2023-11-24 00:00,2023-12-18 20:00,1700784000000,1702929600000,24.833,74,5.56,1.39,520.6975,20.8535,-150.0,391.551,0.5221,take_profit,Chốt lời hội tụ Basis: Net PnL +0.52% trên vốn ≥ ngưỡng +0.50%,False
LTCUSDT,binance,2023-11-25 16:00,2023-12-21 18:00,1700928000000,1703181600000,26.083,78,5.6,8.53,544.707,-14.6762,-150.0,380.0308,0.5067,take_profit,Chốt lời hội tụ Basis: Net PnL +0.51% trên vốn ≥ ngưỡng +0.50%,False
AAVEUSDT,binance,2023-11-29 00:00,2023-12-28 09:00,1701216000001,1703754000000,29.375,88,5.14,5.82,542.585,-3.3901,-150.0,389.1949,0.5189,take_profit,Chốt lời hội tụ Basis: Net PnL +0.52% trên vốn ≥ ngưỡng +0.50%,False
SOLUSDT,binance,2023-12-02 00:00,2023-12-21 06:00,1701475200000,1703138400000,19.25,57,6.49,2.08,505.618,22.0395,-150.0,377.6575,0.5035,take_profit,Chốt lời hội tụ Basis: Net PnL +0.50% trên vốn ≥ ngưỡng +0.50%,False
BTCUSDT,binance,2023-12-04 08:00,2023-12-27 12:00,1701676800000,1703678400000,23.167,69,5.66,8.05,542.854,-11.934,-150.0,380.92,0.5079,take_profit,Chốt lời hội tụ Basis: Net PnL +0.51% trên vốn ≥ ngưỡng +0.50%,False
ETHUSDT,binance,2023-12-06 00:00,2023-12-26 06:00,1701820800000,1703570400000,20.25,60,6.19,4.89,523.777,6.4974,-150.0,380.2744,0.507,take_profit,Chốt lời hội tụ Basis: Net PnL +0.51% trên vốn ≥ ngưỡng +0.50%,False
BNBUSDT,binance,2023-12-07 08:00,2023-12-13 08:00,1701936000000,1702454400000,6.0,18,6.51,-22.4,174.635,144.538,-150.0,169.173,0.2256,funding,Thoát funding âm kéo dài: 2 mốc liên tiếp ≤ -2.0 bps,False
SUIUSDT,binance,2023-12-08 16:00,2023-12-23 02:00,1702051200000,1703296800000,14.417,43,7.15,4.2,524.4365,14.7285,-150.0,389.165,0.5189,take_profit,Chốt lời hội tụ Basis: Net PnL +0.52% trên vốn ≥ ngưỡng +0.50%,False
NEARUSDT,binance,2023-12-08 16:00,2023-12-23 04:00,1702051200000,1703304000000,14.5,43,13.06,3.05,493.106,50.0726,-150.0,393.1786,0.5242,take_profit,Chốt lời hội tụ Basis: Net PnL +0.52% trên vốn ≥ ngưỡng +0.50%,False
XRPUSDT,binance,2023-12-11 16:00,2023-12-27 16:00,1702310400000,1703692800000,16.0,48,8.04,9.47,562.8405,-7.1426,-150.0,405.6979,0.5409,take_profit,Chốt lời hội tụ Basis: Net PnL +0.54% trên vốn ≥ ngưỡng +0.50%,False
DOGEUSDT,binance,2023-12-12 08:00,2023-12-28 12:00,1702368000000,1703764800000,16.167,48,7.2,5.42,523.331,8.8799,-150.0,382.2109,0.5096,take_profit,Chốt lời hội tụ Basis: Net PnL +0.51% trên vốn ≥ ngưỡng +0.50%,False
UNIUSDT,binance,2023-12-17 16:00,2023-12-30 02:00,1702828800000,1703901600000,12.417,37,8.03,11.85,551.861,-19.1289,-150.0,382.7321,0.5103,take_profit,Chốt lời hội tụ Basis: Net PnL +0.51% trên vốn ≥ ngưỡng +0.50%,False
LINKUSDT,binance,2023-12-19 08:00,2023-12-29 01:00,1702972800000,1703811600000,9.708,29,5.49,10.17,552.077,-23.383,-150.0,378.694,0.5049,take_profit,Chốt lời hội tụ Basis: Net PnL +0.50% trên vốn ≥ ngưỡng +0.50%,False
SOLUSDT,binance,2023-12-22 00:00,2024-01-01 16:00,1703203200000,1704124800000,10.667,31,5.11,7.69,541.7725,-12.8934,-150.0,378.8791,0.5052,take_profit,Chốt lời hội tụ Basis: Net PnL +0.51% trên vốn ≥ ngưỡng +0.50%,False
LTCUSDT,binance,2023-12-22 08:00,2023-12-31 12:00,1703232000000,1704024000000,9.167,27,14.08,5.41,488.3945,43.3402,-150.0,381.7347,0.509,take_profit,Chốt lời hội tụ Basis: Net PnL +0.51% trên vốn ≥ ngưỡng +0.50%,False
SUIUSDT,binance,2023-12-23 16:00,2024-01-02 00:00,1703347200000,1704153600000,9.333,28,7.02,11.88,552.4745,-24.2912,-150.0,378.1833,0.5042,take_profit,Chốt lời hội tụ Basis: Net PnL +0.50% trên vốn ≥ ngưỡng +0.50%,False
NEARUSDT,binance,2023-12-23 16:00,2024-01-02 07:00,1703347200000,1704178800000,9.625,28,5.7,2.4,532.313,16.4905,-150.0,398.8035,0.5317,take_profit,Chốt lời hội tụ Basis: Net PnL +0.53% trên vốn ≥ ngưỡng +0.50%,False
ETHUSDT,binance,2023-12-26 16:00,2024-01-06 13:00,1703606400000,1704546000000,10.875,32,7.69,-0.18,488.375,39.3606,-150.0,377.7356,0.5036,take_profit,Chốt lời hội tụ Basis: Net PnL +0.50% trên vốn ≥ ngưỡng +0.50%,False
BTCUSDT,binance,2023-12-28 00:00,2024-01-11 06:00,1703721600000,1704952800000,14.25,42,7.69,-1.63,485.9675,46.6156,-150.0,382.5831,0.5101,take_profit,Chốt lời hội tụ Basis: Net PnL +0.51% trên vốn ≥ ngưỡng +0.50%,False
XRPUSDT,binance,2023-12-28 00:00,2024-01-05 16:00,1703721600000,1704470400000,8.667,26,14.08,-3.57,441.4025,88.2626,-150.0,379.6651,0.5062,take_profit,Chốt lời hội tụ Basis: Net PnL +0.51% trên vốn ≥ ngưỡng +0.50%,False
DOGEUSDT,binance,2023-12-29 00:00,2024-01-15 13:00,1703808000001,1705323600000,17.542,52,8.75,-1.23,475.627,49.9271,-150.0,375.5541,0.5007,take_profit,Chốt lời hội tụ Basis: Net PnL +0.50% trên vốn ≥ ngưỡng +0.50%,False
AAVEUSDT,binance,2023-12-29 00:00,2024-01-16 16:00,1703808000001,1705420800000,18.667,55,10.5,-5.74,447.3025,81.1915,-150.0,378.494,0.5047,take_profit,Chốt lời hội tụ Basis: Net PnL +0.50% trên vốn ≥ ngưỡng +0.50%,False
LINKUSDT,binance,2023-12-29 16:00,2024-01-23 15:00,1703865600000,1706022000000,24.958,74,15.76,-6.37,415.968,110.6377,-150.0,376.6057,0.5021,take_profit,Chốt lời hội tụ Basis: Net PnL +0.50% trên vốn ≥ ngưỡng +0.50%,False
UNIUSDT,binance,2023-12-30 16:00,2024-01-19 10:00,1703952000000,1705658400000,19.75,59,10.68,-4.72,464.628,76.9718,-150.0,391.5998,0.5221,take_profit,Chốt lời hội tụ Basis: Net PnL +0.52% trên vốn ≥ ngưỡng +0.50%,False
LTCUSDT,binance,2024-01-01 00:00,2024-01-24 02:00,1704067200000,1706061600000,23.083,69,9.58,-4.6,458.901,70.919,-150.0,379.82,0.5064,take_profit,Chốt lời hội tụ Basis: Net PnL +0.51% trên vốn ≥ ngưỡng +0.50%,False
SOLUSDT,binance,2024-01-02 00:00,2024-01-26 01:00,1704153600000,1706230800000,24.042,72,15.11,-3.36,434.678,92.3226,-150.0,377.0006,0.5027,take_profit,Chốt lời hội tụ Basis: Net PnL +0.50% trên vốn ≥ ngưỡng +0.50%,False
SUIUSDT,binance,2024-01-02 08:00,2024-01-27 16:00,1704182400000,1706371200000,25.333,75,13.33,-7.11,427.2125,102.1661,-150.0,379.3786,0.5058,take_profit,Chốt lời hội tụ Basis: Net PnL +0.51% trên vốn ≥ ngưỡng +0.50%,False
NEARUSDT,binance,2024-01-02 16:00,2024-01-31 22:00,1704211200000,1706738400000,29.25,87,7.57,-10.57,438.9915,90.7233,-150.0,379.7148,0.5063,take_profit,Chốt lời hội tụ Basis: Net PnL +0.51% trên vốn ≥ ngưỡng +0.50%,False
XRPUSDT,binance,2024-01-10 00:00,2024-02-11 14:00,1704844800000,1707660000000,32.583,97,5.29,-3.77,480.8755,45.297,-150.0,376.1725,0.5016,take_profit,Chốt lời hội tụ Basis: Net PnL +0.50% trên vốn ≥ ngưỡng +0.50%,False
ETHUSDT,binance,2024-01-10 16:00,2024-02-16 16:00,1704902400000,1708099200000,37.0,111,5.82,4.88,522.132,4.6654,-150.0,376.7974,0.5024,take_profit,Chốt lời hội tụ Basis: Net PnL +0.50% trên vốn ≥ ngưỡng +0.50%,False
BTCUSDT,binance,2024-01-11 16:00,2024-02-16 20:00,1704988800000,1708113600000,36.167,108,6.68,2.87,510.0585,19.0034,-150.0,379.0619,0.5054,take_profit,Chốt lời hội tụ Basis: Net PnL +0.51% trên vốn ≥ ngưỡng +0.50%,False
DOGEUSDT,binance,2024-01-21 08:00,2024-02-19 06:00,1705824000000,1708322400000,28.917,86,7.05,5.8,521.934,6.256,-150.0,378.19,0.5043,take_profit,Chốt lời hội tụ Basis: Net PnL +0.50% trên vốn ≥ ngưỡng +0.50%,False
NEARUSDT,binance,2024-02-11 00:00,2024-02-26 05:00,1707609600000,1708923600000,15.208,45,6.51,5.3,528.87,6.0338,-150.0,384.9038,0.5132,take_profit,Chốt lời hội tụ Basis: Net PnL +0.51% trên vốn ≥ ngưỡng +0.50%,False
SOLUSDT,binance,2024-02-13 00:00,2024-02-26 16:00,1707782400000,1708963200000,13.667,41,6.4,7.95,538.972,-7.7336,-150.0,381.2384,0.5083,take_profit,Chốt lời hội tụ Basis: Net PnL +0.51% trên vốn ≥ ngưỡng +0.50%,False
XRPUSDT,binance,2024-02-13 00:00,2024-02-27 07:00,1707782400000,1709017200000,14.292,42,11.26,3.62,493.305,38.2075,-150.0,381.5125,0.5087,take_profit,Chốt lời hội tụ Basis: Net PnL +0.51% trên vốn ≥ ngưỡng +0.50%,False
LINKUSDT,binance,2024-02-13 00:00,2024-02-29 16:00,1707782400000,1709222400000,16.667,50,5.41,18.05,590.907,-63.2185,-150.0,377.6885,0.5036,take_profit,Chốt lời hội tụ Basis: Net PnL +0.50% trên vốn ≥ ngưỡng +0.50%,False
AAVEUSDT,binance,2024-02-13 00:00,2024-02-28 18:00,1707782400000,1709143200000,15.75,47,7.72,1.96,519.181,28.8022,-150.0,397.9832,0.5306,take_profit,Chốt lời hội tụ Basis: Net PnL +0.53% trên vốn ≥ ngưỡng +0.50%,False
UNIUSDT,binance,2024-02-13 08:00,2024-02-27 17:00,1707811200000,1709053200000,14.375,43,10.31,10.98,532.2595,-3.3583,-150.0,378.9012,0.5052,take_profit,Chốt lời hội tụ Basis: Net PnL +0.51% trên vốn ≥ ngưỡng +0.50%,False
LTCUSDT,binance,2024-02-13 16:00,2024-02-27 12:00,1707840000000,1709035200000,13.833,41,8.77,8.01,525.2435,3.7635,-150.0,379.007,0.5053,take_profit,Chốt lời hội tụ Basis: Net PnL +0.51% trên vốn ≥ ngưỡng +0.50%,False
SUIUSDT,binance,2024-02-14 16:00,2024-02-27 14:00,1707926400000,1709042400000,12.917,38,5.29,7.41,544.8015,-10.5844,-150.0,384.2171,0.5123,take_profit,Chốt lời hội tụ Basis: Net PnL +0.51% trên vốn ≥ ngưỡng +0.50%,False
ETHUSDT,binance,2024-02-17 00:00,2024-03-02 04:00,1708128000000,1709352000000,14.167,42,5.97,8.02,536.4245,-10.2534,-150.0,376.1711,0.5016,take_profit,Chốt lời hội tụ Basis: Net PnL +0.50% trên vốn ≥ ngưỡng +0.50%,False
BTCUSDT,binance,2024-02-17 16:00,2024-03-02 14:00,1708185600000,1709388000000,13.917,41,5.8,8.05,542.253,-11.2506,-150.0,381.0024,0.508,take_profit,Chốt lời hội tụ Basis: Net PnL +0.51% trên vốn ≥ ngưỡng +0.50%,False
DOGEUSDT,binance,2024-02-19 16:00,2024-03-01 10:00,1708358400000,1709287200000,10.75,32,6.88,11.57,551.231,-23.4413,-150.0,377.7897,0.5037,take_profit,Chốt lời hội tụ Basis: Net PnL +0.50% trên vốn ≥ ngưỡng +0.50%,False
NEARUSDT,binance,2024-02-26 16:00,2024-03-03 12:00,1708963200000,1709467200000,5.833,17,9.61,9.34,527.306,1.3242,-150.0,378.6302,0.5048,take_profit,Chốt lời hội tụ Basis: Net PnL +0.50% trên vốn ≥ ngưỡng +0.50%,False
SOLUSDT,binance,2024-02-27 00:00,2024-03-03 13:00,1708992000000,1709470800000,5.542,16,7.85,9.4,536.497,-7.738,-150.0,378.759,0.505,take_profit,Chốt lời hội tụ Basis: Net PnL +0.51% trên vốn ≥ ngưỡng +0.50%,False
XRPUSDT,binance,2024-02-27 16:00,2024-03-03 23:00,1709049600000,1709506800000,5.292,15,8.85,1.59,511.8655,36.2981,-150.0,398.1636,0.5309,take_profit,Chốt lời hội tụ Basis: Net PnL +0.53% trên vốn ≥ ngưỡng +0.50%,False
LTCUSDT,binance,2024-02-28 00:00,2024-03-04 13:00,1709078400000,1709557200000,5.542,16,9.43,8.93,523.8285,2.478,-150.0,376.3065,0.5017,take_profit,Chốt lời hội tụ Basis: Net PnL +0.50% trên vốn ≥ ngưỡng +0.50%,False
SUIUSDT,binance,2024-02-28 00:00,2024-03-03 08:00,1709078400000,1709452800000,4.333,13,14.22,14.14,547.852,0.4031,-150.0,398.2551,0.531,take_profit,Chốt lời hội tụ Basis: Net PnL +0.53% trên vốn ≥ ngưỡng +0.50%,False
UNIUSDT,binance,2024-02-28 08:00,2024-03-05 12:00,1709107200000,1709640000000,6.167,18,10.11,12.93,550.4675,-14.0734,-150.0,386.3941,0.5152,take_profit,Chốt lời hội tụ Basis: Net PnL +0.52% trên vốn ≥ ngưỡng +0.50%,False
AAVEUSDT,binance,2024-02-29 08:00,2024-03-05 19:00,1709193600000,1709665200000,5.458,16,19.93,-30.19,503.4475,250.5825,-150.0,604.03,0.8054,take_profit,Chốt lời hội tụ Basis: Net PnL +0.81% trên vốn ≥ ngưỡng +0.50%,False
LINKUSDT,binance,2024-03-01 00:00,2024-03-05 19:00,1709251200000,1709665200000,4.792,14,15.38,5.07,521.129,51.5499,-150.0,422.6789,0.5636,take_profit,Chốt lời hội tụ Basis: Net PnL +0.56% trên vốn ≥ ngưỡng +0.50%,False
DOGEUSDT,binance,2024-03-02 00:00,2024-03-07 16:00,1709337600000,1709827200000,5.667,17,19.79,8.48,477.0205,56.5351,-150.0,383.5556,0.5114,take_profit,Chốt lời hội tụ Basis: Net PnL +0.51% trên vốn ≥ ngưỡng +0.50%,False
ETHUSDT,binance,2024-03-02 16:00,2024-03-10 12:00,1709395200000,1710072000000,7.833,23,13.23,8.07,508.1185,25.7822,-150.0,383.9007,0.5119,take_profit,Chốt lời hội tụ Basis: Net PnL +0.51% trên vốn ≥ ngưỡng +0.50%,False
BTCUSDT,binance,2024-03-03 00:00,2024-03-10 16:00,1709424000000,1710086400000,7.667,23,10.06,11.09,542.6005,-5.1459,-150.0,387.4546,0.5166,take_profit,Chốt lời hội tụ Basis: Net PnL +0.52% trên vốn ≥ ngưỡng +0.50%,False
BNBUSDT,binance,2024-03-03 16:00,2024-03-20 16:00,1709481600000,1710950400000,17.0,51,6.5,1.55,504.5575,24.7324,-150.0,379.2899,0.5057,take_profit,Chốt lời hội tụ Basis: Net PnL +0.51% trên vốn ≥ ngưỡng +0.50%,False
SUIUSDT,binance,2024-03-03 16:00,2024-03-08 13:00,1709481600000,1709902800000,4.875,14,13.93,10.41,508.3295,17.5813,-150.0,375.9108,0.5012,take_profit,Chốt lời hội tụ Basis: Net PnL +0.50% trên vốn ≥ ngưỡng +0.50%,False
SOLUSDT,binance,2024-03-04 00:00,2024-03-09 17:00,1709510400000,1710003600000,5.708,17,16.06,7.52,485.439,42.7003,-150.0,378.1393,0.5042,take_profit,Chốt lời hội tụ Basis: Net PnL +0.50% trên vốn ≥ ngưỡng +0.50%,False
NEARUSDT,binance,2024-03-04 00:00,2024-03-08 17:00,1709510400000,1709917200000,4.708,14,19.2,7.23,488.62,59.8561,-150.0,398.4761,0.5313,take_profit,Chốt lời hội tụ Basis: Net PnL +0.53% trên vốn ≥ ngưỡng +0.50%,False
XRPUSDT,binance,2024-03-04 08:00,2024-03-10 11:00,1709539200000,1710068400000,6.125,18,15.58,8.08,487.5145,37.506,-150.0,375.0205,0.5,take_profit,Chốt lời hội tụ Basis: Net PnL +0.50% trên vốn ≥ ngưỡng +0.50%,False
LTCUSDT,binance,2024-03-05 00:00,2024-03-12 00:00,1709596800000,1710201600000,7.0,21,15.72,18.66,552.3895,-14.7029,-150.0,387.6866,0.5169,take_profit,Chốt lời hội tụ Basis: Net PnL +0.52% trên vốn ≥ ngưỡng +0.50%,False
UNIUSDT,binance,2024-03-06 00:00,2024-03-14 08:00,1709683200000,1710403200000,8.333,25,7.64,13.34,560.2725,-28.5076,-150.0,381.7649,0.509,take_profit,Chốt lời hội tụ Basis: Net PnL +0.51% trên vốn ≥ ngưỡng +0.50%,False
LINKUSDT,binance,2024-03-06 08:00,2024-03-12 17:00,1709712000001,1710262800000,6.375,19,13.83,10.32,515.5235,17.5557,-150.0,383.0792,0.5108,take_profit,Chốt lời hội tụ Basis: Net PnL +0.51% trên vốn ≥ ngưỡng +0.50%,False
AAVEUSDT,binance,2024-03-06 08:00,2024-03-14 08:00,1709712000001,1710403200000,8.0,24,12.47,14.11,534.314,-8.2275,-150.0,376.0865,0.5014,take_profit,Chốt lời hội tụ Basis: Net PnL +0.50% trên vốn ≥ ngưỡng +0.50%,False
DOGEUSDT,binance,2024-03-08 00:00,2024-03-13 15:00,1709856000000,1710342000000,5.625,16,16.3,7.8,489.042,42.5163,-150.0,381.5583,0.5087,take_profit,Chốt lời hội tụ Basis: Net PnL +0.51% trên vốn ≥ ngưỡng +0.50%,False
SUIUSDT,binance,2024-03-09 00:00,2024-03-13 09:00,1709942400000,1710320400000,4.375,13,16.96,9.88,505.995,35.3762,-150.0,391.3712,0.5218,take_profit,Chốt lời hội tụ Basis: Net PnL +0.52% trên vốn ≥ ngưỡng +0.50%,False
NEARUSDT,binance,2024-03-09 08:00,2024-03-13 12:00,1709971200001,1710331200000,4.167,12,18.85,10.07,481.641,43.913,-150.0,375.554,0.5007,take_profit,Chốt lời hội tụ Basis: Net PnL +0.50% trên vốn ≥ ngưỡng +0.50%,False
SOLUSDT,binance,2024-03-10 08:00,2024-03-17 02:00,1710057600000,1710640800000,6.75,20,14.34,4.11,475.2005,51.161,-150.0,376.3615,0.5018,take_profit,Chốt lời hội tụ Basis: Net PnL +0.50% trên vốn ≥ ngưỡng +0.50%,False
BTCUSDT,binance,2024-03-11 00:00,2024-03-23 20:00,1710115200000,1711224000000,12.833,38,7.92,4.66,512.6665,16.2643,-150.0,378.9308,0.5052,take_profit,Chốt lời hội tụ Basis: Net PnL +0.51% trên vốn ≥ ngưỡng +0.50%,False
ETHUSDT,binance,2024-03-11 00:00,2024-03-22 01:00,1710115200000,1711069200000,11.042,33,8.88,7.8,519.694,5.4331,-150.0,375.1271,0.5002,take_profit,Chốt lời hội tụ Basis: Net PnL +0.50% trên vốn ≥ ngưỡng +0.50%,False
XRPUSDT,binance,2024-03-11 00:00,2024-03-20 16:00,1710115200000,1710950400000,9.667,29,8.36,6.92,519.749,7.2299,-150.0,376.9789,0.5026,take_profit,Chốt lời hội tụ Basis: Net PnL +0.50% trên vốn ≥ ngưỡng +0.50%,False
LTCUSDT,binance,2024-03-12 08:00,2024-03-27 00:00,1710230400000,1711497600000,14.667,44,12.3,9.34,525.2495,14.8327,-150.0,390.0822,0.5201,take_profit,Chốt lời hội tụ Basis: Net PnL +0.52% trên vốn ≥ ngưỡng +0.50%,False
LINKUSDT,binance,2024-03-13 08:00,2024-03-27 16:00,1710316800001,1711555200000,14.333,43,14.87,8.29,495.3375,32.9026,-150.0,378.2401,0.5043,take_profit,Chốt lời hội tụ Basis: Net PnL +0.50% trên vốn ≥ ngưỡng +0.50%,False
DOGEUSDT,binance,2024-03-14 00:00,2024-03-28 02:00,1710374400001,1711591200000,14.083,42,12.6,10.23,516.3165,11.847,-150.0,378.1635,0.5042,take_profit,Chốt lời hội tụ Basis: Net PnL +0.50% trên vốn ≥ ngưỡng +0.50%,False
SUIUSDT,binance,2024-03-14 00:00,2024-03-27 09:00,1710374400001,1711530000000,13.375,40,13.55,8.56,502.953,24.9454,-150.0,377.8984,0.5039,take_profit,Chốt lời hội tụ Basis: Net PnL +0.50% trên vốn ≥ ngưỡng +0.50%,False
NEARUSDT,binance,2024-03-14 00:00,2024-03-27 00:00,1710374400001,1711497600000,13.0,39,14.12,7.78,510.0395,31.717,-150.0,391.7565,0.5223,take_profit,Chốt lời hội tụ Basis: Net PnL +0.52% trên vốn ≥ ngưỡng +0.50%,False
UNIUSDT,binance,2024-03-14 16:00,2024-03-30 21:00,1710432000000,1711832400000,16.208,48,16.43,6.32,488.0895,50.5691,-150.0,388.6586,0.5182,take_profit,Chốt lời hội tụ Basis: Net PnL +0.52% trên vốn ≥ ngưỡng +0.50%,False
AAVEUSDT,binance,2024-03-14 16:00,2024-04-01 05:00,1710432000000,1711947600000,17.542,52,16.46,8.13,490.05,41.6688,-150.0,381.7188,0.509,take_profit,Chốt lời hội tụ Basis: Net PnL +0.51% trên vốn ≥ ngưỡng +0.50%,False
SOLUSDT,binance,2024-03-17 16:00,2024-03-31 00:00,1710691200000,1711843200000,13.333,40,8.03,9.48,535.036,-7.2388,-150.0,377.7972,0.5037,take_profit,Chốt lời hội tụ Basis: Net PnL +0.50% trên vốn ≥ ngưỡng +0.50%,False
BNBUSDT,binance,2024-03-21 00:00,2024-04-05 08:00,1710979200000,1712304000000,15.333,46,6.35,-10.34,304.895,83.4667,-150.0,238.3617,0.3178,funding,Thoát funding âm kéo dài: 2 mốc liên tiếp ≤ -2.0 bps,False
XRPUSDT,binance,2024-03-21 00:00,2024-04-01 02:00,1710979200000,1711936800000,11.083,33,8.22,12.7,555.655,-22.4174,-150.0,383.2376,0.511,take_profit,Chốt lời hội tụ Basis: Net PnL +0.51% trên vốn ≥ ngưỡng +0.50%,False
ETHUSDT,binance,2024-03-22 16:00,2024-04-06 05:00,1711123200000,1712379600000,14.542,43,6.49,3.45,510.998,15.2192,-150.0,376.2172,0.5016,take_profit,Chốt lời hội tụ Basis: Net PnL +0.50% trên vốn ≥ ngưỡng +0.50%,False
BTCUSDT,binance,2024-03-24 08:00,2024-04-09 18:00,1711267200000,1712685600000,16.417,49,7.86,6.46,523.0245,7.0328,-150.0,380.0573,0.5067,take_profit,Chốt lời hội tụ Basis: Net PnL +0.51% trên vốn ≥ ngưỡng +0.50%,False
LTCUSDT,binance,2024-03-27 08:00,2024-04-06 19:00,1711526400001,1712430000000,10.458,31,11.56,3.99,490.34,37.8712,-150.0,378.2112,0.5043,take_profit,Chốt lời hội tụ Basis: Net PnL +0.50% trên vốn ≥ ngưỡng +0.50%,False
NEARUSDT,binance,2024-03-27 08:00,2024-04-08 07:00,1711526400001,1712559600000,11.958,35,13.38,1.38,470.386,60.0294,-150.0,380.4154,0.5072,take_profit,Chốt lời hội tụ Basis: Net PnL +0.51% trên vốn ≥ ngưỡng +0.50%,False
SUIUSDT,binance,2024-03-28 00:00,2024-04-11 12:00,1711584000000,1712836800000,14.5,43,12.75,6.64,496.635,30.5481,-150.0,377.1831,0.5029,take_profit,Chốt lời hội tụ Basis: Net PnL +0.50% trên vốn ≥ ngưỡng +0.50%,False
LINKUSDT,binance,2024-03-28 00:00,2024-04-12 18:00,1711584000000,1712944800000,15.75,47,12.4,0.7,468.057,58.4997,-150.0,376.5567,0.5021,take_profit,Chốt lời hội tụ Basis: Net PnL +0.50% trên vốn ≥ ngưỡng +0.50%,False
DOGEUSDT,binance,2024-03-28 16:00,2024-04-11 14:00,1711641600000,1712844000000,13.917,41,13.65,5.75,491.068,39.492,-150.0,380.56,0.5074,take_profit,Chốt lời hội tụ Basis: Net PnL +0.51% trên vốn ≥ ngưỡng +0.50%,False
SOLUSDT,binance,2024-03-31 08:00,2024-04-20 17:00,1711872000000,1713632400000,20.375,61,9.59,-7.97,444.7915,87.8,-150.0,382.5915,0.5101,take_profit,Chốt lời hội tụ Basis: Net PnL +0.51% trên vốn ≥ ngưỡng +0.50%,False
UNIUSDT,binance,2024-03-31 08:00,2024-04-22 17:00,1711872000000,1713805200000,22.375,67,12.87,-13.61,395.047,132.4158,-150.0,377.4628,0.5033,take_profit,Chốt lời hội tụ Basis: Net PnL +0.50% trên vốn ≥ ngưỡng +0.50%,False
XRPUSDT,binance,2024-04-01 16:00,2024-05-09 08:00,1711987200000,1715241600000,37.667,112,8.28,-9.62,446.509,89.5002,-150.0,386.0092,0.5147,take_profit,Chốt lời hội tụ Basis: Net PnL +0.51% trên vốn ≥ ngưỡng +0.50%,False
AAVEUSDT,binance,2024-04-01 16:00,2024-05-24 15:00,1711987200000,1716562800000,52.958,158,7.31,-6.17,458.0015,67.4111,-150.0,375.4126,0.5006,take_profit,Chốt lời hội tụ Basis: Net PnL +0.50% trên vốn ≥ ngưỡng +0.50%,False
LTCUSDT,binance,2024-04-07 08:00,2024-05-16 22:00,1712476800000,1715896800000,39.583,118,5.78,-6.08,468.1965,59.2589,-150.0,377.4554,0.5033,take_profit,Chốt lời hội tụ Basis: Net PnL +0.50% trên vốn ≥ ngưỡng +0.50%,False
ETHUSDT,binance,2024-04-08 00:00,2024-05-23 14:00,1712534400001,1716472800000,45.583,136,5.02,3.48,520.005,7.6763,-150.0,377.6813,0.5036,take_profit,Chốt lời hội tụ Basis: Net PnL +0.50% trên vốn ≥ ngưỡng +0.50%,False
NEARUSDT,binance,2024-04-08 16:00,2024-05-17 11:00,1712592000006,1715943600000,38.792,116,9.42,-7.33,443.7025,83.7424,-150.0,377.4449,0.5033,take_profit,Chốt lời hội tụ Basis: Net PnL +0.50% trên vốn ≥ ngưỡng +0.50%,False
BTCUSDT,binance,2024-04-10 08:00,2024-05-31 22:00,1712736000001,1717192800000,51.583,154,7.84,4.11,509.8305,18.6068,-150.0,378.4373,0.5046,take_profit,Chốt lời hội tụ Basis: Net PnL +0.50% trên vốn ≥ ngưỡng +0.50%,False
SUIUSDT,binance,2024-04-12 00:00,2024-04-17 16:00,1712880000000,1713369600000,5.667,17,8.01,-5.51,-33.844,67.6274,-150.0,-116.2166,-0.155,funding,Thoát funding âm kéo dài: 2 mốc liên tiếp ≤ -2.0 bps,False
DOGEUSDT,binance,2024-04-12 08:00,2024-05-31 16:00,1712908800001,1717171200000,49.333,147,8.04,1.91,494.4955,30.6778,-150.0,375.1733,0.5002,take_profit,Chốt lời hội tụ Basis: Net PnL +0.50% trên vốn ≥ ngưỡng +0.50%,False
LTCUSDT,binance,2024-05-21 00:00,2024-06-18 00:00,1716249600000,1718668800000,28.0,83,5.63,-7.86,458.989,67.4673,-150.0,376.4563,0.5019,take_profit,Chốt lời hội tụ Basis: Net PnL +0.50% trên vốn ≥ ngưỡng +0.50%,False
LINKUSDT,binance,2024-05-22 00:00,2024-06-22 02:00,1716336000000,1719021600000,31.083,93,6.57,-10.08,450.503,83.2502,-150.0,383.7532,0.5117,take_profit,Chốt lời hội tụ Basis: Net PnL +0.51% trên vốn ≥ ngưỡng +0.50%,False
NEARUSDT,binance,2024-05-22 00:00,2024-06-18 01:00,1716336000000,1718672400000,27.042,81,5.17,-12.74,439.268,89.5339,-150.0,378.8019,0.5051,take_profit,Chốt lời hội tụ Basis: Net PnL +0.51% trên vốn ≥ ngưỡng +0.50%,False
UNIUSDT,binance,2024-05-22 16:00,2024-06-17 18:00,1716393600000,1718647200000,26.083,78,10.8,-10.8,419.5855,108.0098,-150.0,377.5953,0.5035,take_profit,Chốt lời hội tụ Basis: Net PnL +0.50% trên vốn ≥ ngưỡng +0.50%,False
ETHUSDT,binance,2024-05-25 16:00,2024-06-24 11:00,1716652800000,1719226800000,29.792,89,5.47,-5.39,471.1375,54.2927,-150.0,375.4302,0.5006,take_profit,Chốt lời hội tụ Basis: Net PnL +0.50% trên vốn ≥ ngưỡng +0.50%,False
XRPUSDT,binance,2024-05-25 16:00,2024-06-20 04:00,1716652800000,1718856000000,25.5,76,5.58,-10.13,451.968,78.5088,-150.0,380.4768,0.5073,take_profit,Chốt lời hội tụ Basis: Net PnL +0.51% trên vốn ≥ ngưỡng +0.50%,False
AAVEUSDT,binance,2024-05-26 08:00,2024-06-25 11:00,1716710400000,1719313200000,30.125,90,6.66,-10.84,442.306,87.4741,-150.0,379.7801,0.5064,take_profit,Chốt lời hội tụ Basis: Net PnL +0.51% trên vốn ≥ ngưỡng +0.50%,False
SOLUSDT,binance,2024-05-27 08:00,2024-06-28 09:00,1716796800000,1719565200000,32.042,96,6.04,-6.79,467.0755,64.131,-150.0,381.2065,0.5083,take_profit,Chốt lời hội tụ Basis: Net PnL +0.51% trên vốn ≥ ngưỡng +0.50%,False
SUIUSDT,binance,2024-05-27 16:00,2024-07-04 02:00,1716825600000,1720058400000,37.417,112,9.26,-10.69,425.7755,99.7651,-150.0,375.5406,0.5007,take_profit,Chốt lời hội tụ Basis: Net PnL +0.50% trên vốn ≥ ngưỡng +0.50%,False
DOGEUSDT,binance,2024-06-01 00:00,2024-07-12 23:00,1717200000000,1720825200000,41.958,125,7.54,-9.29,453.077,84.1441,-150.0,387.2211,0.5163,take_profit,Chốt lời hội tụ Basis: Net PnL +0.52% trên vốn ≥ ngưỡng +0.50%,False
BTCUSDT,binance,2024-06-01 08:00,2024-07-04 09:00,1717228800000,1720083600000,33.042,99,7.3,-3.83,470.2235,55.6172,-150.0,375.8407,0.5011,take_profit,Chốt lời hội tụ Basis: Net PnL +0.50% trên vốn ≥ ngưỡng +0.50%,False
BNBUSDT,binance,2024-06-02 00:00,2024-07-05 02:00,1717286400000,1720144800000,33.083,99,6.46,-110.9,130.2545,586.8379,-150.0,567.0924,0.7561,take_profit,Chốt lời hội tụ Basis: Net PnL +0.76% trên vốn ≥ ngưỡng +0.50%,False
LINKUSDT,binance,2024-10-15 08:00,2024-10-28 21:00,1728979200000,1730149200000,13.542,40,6.07,-100.45,198.4955,532.5977,-150.0,581.0932,0.7748,take_profit,Chốt lời hội tụ Basis: Net PnL +0.77% trên vốn ≥ ngưỡng +0.50%,False
LINKUSDT,binance,2024-10-29 16:00,2024-11-24 00:00,1730217600004,1732406400001,25.333,76,5.98,7.11,532.802,-5.624,-150.0,377.178,0.5029,take_profit,Chốt lời hội tụ Basis: Net PnL +0.50% trên vốn ≥ ngưỡng +0.50%,False
XRPUSDT,binance,2024-10-30 00:00,2024-11-21 02:00,1730246400000,1732154400000,22.083,66,5.71,-1.83,495.484,37.7218,-150.0,383.2058,0.5109,take_profit,Chốt lời hội tụ Basis: Net PnL +0.51% trên vốn ≥ ngưỡng +0.50%,False
DOGEUSDT,binance,2024-10-30 00:00,2024-11-20 20:00,1730246400000,1732132800000,21.833,65,6.28,-4.24,478.2835,52.603,-150.0,380.8865,0.5078,take_profit,Chốt lời hội tụ Basis: Net PnL +0.51% trên vốn ≥ ngưỡng +0.50%,False
UNIUSDT,binance,2024-10-30 00:00,2024-11-24 17:00,1730246400000,1732467600000,25.708,77,5.05,4.83,523.899,1.1253,-150.0,375.0243,0.5,take_profit,Chốt lời hội tụ Basis: Net PnL +0.50% trên vốn ≥ ngưỡng +0.50%,False
ETHUSDT,binance,2024-11-06 08:00,2024-11-25 08:00,1730880000000,1732521600000,19.0,56,6.18,5.89,524.251,1.4465,-150.0,375.6975,0.5009,take_profit,Chốt lời hội tụ Basis: Net PnL +0.50% trên vốn ≥ ngưỡng +0.50%,False
BTCUSDT,binance,2024-11-07 08:00,2024-11-29 16:00,1730966400000,1732896000000,22.333,67,5.78,6.27,532.4135,-2.4754,-150.0,379.9381,0.5066,take_profit,Chốt lời hội tụ Basis: Net PnL +0.51% trên vốn ≥ ngưỡng +0.50%,False
LTCUSDT,binance,2024-11-07 16:00,2024-11-28 05:00,1730995200000,1732770000000,20.542,61,8.34,6.19,522.6495,10.7295,-150.0,383.379,0.5112,take_profit,Chốt lời hội tụ Basis: Net PnL +0.51% trên vốn ≥ ngưỡng +0.50%,False
BNBUSDT,binance,2024-11-10 08:00,2024-11-30 10:00,1731225600000,1732960800000,20.083,60,8.68,7.58,525.386,5.511,-150.0,380.897,0.5079,take_profit,Chốt lời hội tụ Basis: Net PnL +0.51% trên vốn ≥ ngưỡng +0.50%,False
SOLUSDT,binance,2024-11-10 16:00,2024-11-26 11:00,1731254400000,1732618800000,15.792,47,11.37,0.0,473.6425,56.8586,-150.0,380.5011,0.5073,take_profit,Chốt lời hội tụ Basis: Net PnL +0.51% trên vốn ≥ ngưỡng +0.50%,False
SUIUSDT,binance,2024-11-10 16:00,2024-11-26 12:00,1731254400000,1732622400000,15.833,47,11.89,-3.12,452.852,75.0497,-150.0,377.9017,0.5039,take_profit,Chốt lời hội tụ Basis: Net PnL +0.50% trên vốn ≥ ngưỡng +0.50%,False
AAVEUSDT,binance,2024-11-11 00:00,2024-12-02 08:00,1731283200001,1733126400001,21.333,64,10.57,3.87,502.7005,33.4911,-150.0,386.1916,0.5149,take_profit,Chốt lời hội tụ Basis: Net PnL +0.51% trên vốn ≥ ngưỡng +0.50%,False
NEARUSDT,binance,2024-11-11 08:00,2024-12-02 08:00,1731312000000,1733126400001,21.0,63,7.63,4.6,517.7855,15.1369,-150.0,382.9224,0.5106,take_profit,Chốt lời hội tụ Basis: Net PnL +0.51% trên vốn ≥ ngưỡng +0.50%,False
DOGEUSDT,binance,2024-11-21 08:00,2024-12-05 01:00,1732176000000,1733360400000,13.708,41,5.71,5.81,527.891,-0.4929,-150.0,377.3981,0.5032,take_profit,Chốt lời hội tụ Basis: Net PnL +0.50% trên vốn ≥ ngưỡng +0.50%,False
XRPUSDT,binance,2024-11-21 16:00,2024-12-07 15:00,1732204800001,1733583600000,15.958,47,6.28,1.18,500.0975,25.5055,-150.0,375.603,0.5008,take_profit,Chốt lời hội tụ Basis: Net PnL +0.50% trên vốn ≥ ngưỡng +0.50%,False
LINKUSDT,binance,2024-11-24 08:00,2024-12-06 08:00,1732435200000,1733472000000,12.0,36,11.53,10.96,541.2905,2.8641,-150.0,394.1546,0.5255,take_profit,Chốt lời hội tụ Basis: Net PnL +0.53% trên vốn ≥ ngưỡng +0.50%,False
UNIUSDT,binance,2024-11-25 08:00,2024-12-08 16:00,1732521600000,1733673600000,13.333,40,6.89,9.29,544.738,-11.9967,-150.0,382.7413,0.5103,take_profit,Chốt lời hội tụ Basis: Net PnL +0.51% trên vốn ≥ ngưỡng +0.50%,False
ETHUSDT,binance,2024-11-25 16:00,2024-12-12 09:00,1732550400000,1733994000000,16.708,50,7.43,-3.31,472.3045,53.7439,-150.0,376.0484,0.5014,take_profit,Chốt lời hội tụ Basis: Net PnL +0.50% trên vốn ≥ ngưỡng +0.50%,False
SUIUSDT,binance,2024-11-28 00:00,2024-12-10 19:00,1732752000000,1733857200000,12.792,38,5.47,-9.66,454.4035,75.6835,-150.0,380.087,0.5068,take_profit,Chốt lời hội tụ Basis: Net PnL +0.51% trên vốn ≥ ngưỡng +0.50%,False
LTCUSDT,binance,2024-11-28 16:00,2024-12-09 09:00,1732809600000,1733734800000,10.708,32,6.35,4.84,520.5505,7.5489,-150.0,378.0994,0.5041,take_profit,Chốt lời hội tụ Basis: Net PnL +0.50% trên vốn ≥ ngưỡng +0.50%,False
SOLUSDT,binance,2024-11-29 16:00,2024-12-14 01:00,1732896000000,1734138000000,14.375,43,6.2,-5.76,470.381,59.8064,-150.0,380.1874,0.5069,take_profit,Chốt lời hội tụ Basis: Net PnL +0.51% trên vốn ≥ ngưỡng +0.50%,False
BTCUSDT,binance,2024-11-30 00:00,2024-12-21 01:00,1732924800000,1734742800000,21.042,63,5.68,-5.25,473.9745,54.6394,-150.0,378.6139,0.5048,take_profit,Chốt lời hội tụ Basis: Net PnL +0.50% trên vốn ≥ ngưỡng +0.50%,False
BNBUSDT,binance,2024-12-01 00:00,2024-12-19 20:00,1733011200000,1734638400000,18.833,56,9.22,-11.44,426.2655,103.2848,-150.0,379.5503,0.5061,take_profit,Chốt lời hội tụ Basis: Net PnL +0.51% trên vốn ≥ ngưỡng +0.50%,False
NEARUSDT,binance,2024-12-02 16:00,2024-12-19 20:00,1733155200000,1734638400000,17.167,51,7.44,-15.47,416.8105,114.553,-150.0,381.3635,0.5085,take_profit,Chốt lời hội tụ Basis: Net PnL +0.51% trên vốn ≥ ngưỡng +0.50%,False
AAVEUSDT,binance,2024-12-02 16:00,2024-12-10 22:00,1733155200000,1733868000000,8.25,24,11.77,-3.33,449.5875,75.4861,-150.0,375.0736,0.5001,take_profit,Chốt lời hội tụ Basis: Net PnL +0.50% trên vốn ≥ ngưỡng +0.50%,False
DOGEUSDT,binance,2024-12-05 16:00,2025-01-08 00:00,1733414400000,1736294400000,33.333,99,8.91,-9.05,439.3515,89.7938,-150.0,379.1453,0.5055,take_profit,Chốt lời hội tụ Basis: Net PnL +0.51% trên vốn ≥ ngưỡng +0.50%,False
LINKUSDT,binance,2024-12-06 16:00,2024-12-31 15:00,1733500800000,1735657200000,24.958,74,11.31,-7.2,432.5085,92.5794,-150.0,375.0879,0.5001,take_profit,Chốt lời hội tụ Basis: Net PnL +0.50% trên vốn ≥ ngưỡng +0.50%,False
XRPUSDT,binance,2024-12-08 00:00,2025-01-15 13:00,1733616000000,1736946000000,38.542,115,7.75,-6.29,457.851,70.2115,-150.0,378.0625,0.5041,take_profit,Chốt lời hội tụ Basis: Net PnL +0.50% trên vốn ≥ ngưỡng +0.50%,False
UNIUSDT,binance,2024-12-09 00:00,2025-01-07 20:00,1733702400000,1736280000000,29.833,89,11.77,-8.05,431.66,99.1133,-150.0,380.7733,0.5077,take_profit,Chốt lời hội tụ Basis: Net PnL +0.51% trên vốn ≥ ngưỡng +0.50%,False
LINKUSDT,binance,2025-01-04 00:00,2025-03-09 19:00,1735948800000,1741546800000,64.792,194,6.02,-15.71,423.381,108.6531,-150.0,382.0341,0.5094,take_profit,Chốt lời hội tụ Basis: Net PnL +0.51% trên vốn ≥ ngưỡng +0.50%,False
XRPUSDT,binance,2025-07-14 08:00,2025-08-25 09:00,1752480000000,1756112400000,42.042,126,5.04,-4.73,477.9835,48.8523,-150.0,376.8358,0.5024,take_profit,Chốt lời hội tụ Basis: Net PnL +0.50% trên vốn ≥ ngưỡng +0.50%,False
LINKUSDT,binance,2025-07-15 00:00,2025-08-21 09:00,1752537600002,1755766800000,37.375,112,5.12,-8.05,460.0825,65.8381,-150.0,375.9206,0.5012,take_profit,Chốt lời hội tụ Basis: Net PnL +0.50% trên vốn ≥ ngưỡng +0.50%,False
SUIUSDT,binance,2025-07-18 00:00,2025-08-31 15:00,1752796800004,1756652400000,44.625,133,6.82,-6.96,461.5515,68.8914,-150.0,380.4429,0.5073,take_profit,Chốt lời hội tụ Basis: Net PnL +0.51% trên vốn ≥ ngưỡng +0.50%,False
ETHUSDT,binance,2025-07-18 08:00,2025-09-08 04:00,1752825600000,1757304000000,51.833,155,6.85,-5.91,461.7425,63.8162,-150.0,375.5587,0.5007,take_profit,Chốt lời hội tụ Basis: Net PnL +0.50% trên vốn ≥ ngưỡng +0.50%,False
SOLUSDT,binance,2025-07-18 08:00,2025-09-08 19:00,1752825600000,1757358000000,52.458,157,10.03,-5.55,451.2935,77.9285,-150.0,379.222,0.5056,take_profit,Chốt lời hội tụ Basis: Net PnL +0.51% trên vốn ≥ ngưỡng +0.50%,False
DOGEUSDT,binance,2025-07-18 08:00,2025-08-27 16:00,1752825600000,1756310400009,40.333,121,13.04,-5.88,430.822,94.5635,-150.0,375.3855,0.5005,take_profit,Chốt lời hội tụ Basis: Net PnL +0.50% trên vốn ≥ ngưỡng +0.50%,False
LTCUSDT,binance,2025-07-18 08:00,2025-08-25 03:00,1752825600000,1756090800000,37.792,113,10.13,-5.11,450.199,76.1839,-150.0,376.3829,0.5018,take_profit,Chốt lời hội tụ Basis: Net PnL +0.50% trên vốn ≥ ngưỡng +0.50%,False
UNIUSDT,binance,2025-07-18 08:00,2025-08-18 06:00,1752825600000,1755496800000,30.917,92,10.27,-8.73,434.6715,95.0242,-150.0,379.6957,0.5063,take_profit,Chốt lời hội tụ Basis: Net PnL +0.51% trên vốn ≥ ngưỡng +0.50%,False
NEARUSDT,binance,2025-07-18 08:00,2025-08-18 16:00,1752825600000,1755532800002,31.333,94,6.74,-11.72,153.859,92.3207,-150.0,96.1797,0.1282,funding,Thoát funding âm kéo dài: 2 mốc liên tiếp ≤ -2.0 bps,False
AAVEUSDT,binance,2025-07-18 08:00,2025-09-03 00:00,1752825600000,1756857600006,46.667,140,9.7,-6.36,447.438,80.2905,-150.0,377.7285,0.5036,take_profit,Chốt lời hội tụ Basis: Net PnL +0.50% trên vốn ≥ ngưỡng +0.50%,False
BNBUSDT,binance,2026-07-16 08:00,2026-09-16 08:00,1784188800003,1789545600002,62.0,186,5.2,4.81,401.7795,1.9569,-150.0,253.7364,0.3383,open,Còn mở ở cuối cửa sổ — chưa hiện thực hoá,True
