profile,profile_name,period_end,return,observations,complete,sample
risk20,20% target-vol,2021-07-31 00:00:00+00:00,0.0,31,True,development
risk20,20% target-vol,2021-08-31 00:00:00+00:00,0.0,31,True,development
risk20,20% target-vol,2021-09-30 00:00:00+00:00,-0.02056206782793124,30,True,development
risk20,20% target-vol,2021-10-31 00:00:00+00:00,-9.336011018834522e-05,31,True,development
risk20,20% target-vol,2021-11-30 00:00:00+00:00,-0.0020973835172772848,30,True,development
risk20,20% target-vol,2021-12-31 00:00:00+00:00,-0.0020628086177101324,31,True,development
risk20,20% target-vol,2022-01-31 00:00:00+00:00,0.0,31,True,development
risk20,20% target-vol,2022-02-28 00:00:00+00:00,0.025341909829958986,28,True,development
risk20,20% target-vol,2022-03-31 00:00:00+00:00,0.014293131928710734,31,True,development
risk20,20% target-vol,2022-04-30 00:00:00+00:00,0.013125122924750432,30,True,development
risk20,20% target-vol,2022-05-31 00:00:00+00:00,0.04456701259282436,31,True,development
risk20,20% target-vol,2022-06-30 00:00:00+00:00,0.0830086167938584,30,True,development
risk20,20% target-vol,2022-07-31 00:00:00+00:00,-0.005129130253995751,31,True,development
risk20,20% target-vol,2022-08-31 00:00:00+00:00,-0.02623721889680286,31,True,development
risk20,20% target-vol,2022-09-30 00:00:00+00:00,-0.030538824001329234,30,True,development
risk20,20% target-vol,2022-10-31 00:00:00+00:00,0.04138303377978336,31,True,development
risk20,20% target-vol,2022-11-30 00:00:00+00:00,0.020989776612049926,30,True,development
risk20,20% target-vol,2022-12-31 00:00:00+00:00,-0.0043735441904669825,31,True,development
risk20,20% target-vol,2023-01-31 00:00:00+00:00,0.15338498064406392,31,True,development
risk20,20% target-vol,2023-02-28 00:00:00+00:00,-0.0020800144217180128,28,True,development
risk20,20% target-vol,2023-03-31 00:00:00+00:00,0.05290612632086367,31,True,development
risk20,20% target-vol,2023-04-30 00:00:00+00:00,0.02808193352581756,30,True,development
risk20,20% target-vol,2023-05-31 00:00:00+00:00,-0.02070084680677653,31,True,development
risk20,20% target-vol,2023-06-30 00:00:00+00:00,0.014575113032428533,30,True,development
risk20,20% target-vol,2023-07-31 00:00:00+00:00,-0.016587202962023984,31,True,development
risk20,20% target-vol,2023-08-31 00:00:00+00:00,0.050499661123135864,31,True,development
risk20,20% target-vol,2023-09-30 00:00:00+00:00,-0.028474563304409783,30,True,development
risk20,20% target-vol,2023-10-31 00:00:00+00:00,0.08139929683897029,31,True,development
risk20,20% target-vol,2023-11-30 00:00:00+00:00,0.017780004775359792,30,True,development
risk20,20% target-vol,2023-12-31 00:00:00+00:00,0.061914856576273714,31,True,development
risk20,20% target-vol,2024-01-31 00:00:00+00:00,0.024266880022544512,31,True,historical_validation
risk20,20% target-vol,2024-02-29 00:00:00+00:00,0.12679270523030794,29,True,historical_validation
risk20,20% target-vol,2024-03-31 00:00:00+00:00,-0.0068256691596916275,31,True,historical_validation
risk20,20% target-vol,2024-04-30 00:00:00+00:00,-0.021983171593266126,30,True,historical_validation
risk20,20% target-vol,2024-05-31 00:00:00+00:00,0.02020603598894488,31,True,historical_validation
risk20,20% target-vol,2024-06-30 00:00:00+00:00,0.006489693859530021,30,True,historical_validation
risk20,20% target-vol,2024-07-31 00:00:00+00:00,0.016913645411380962,31,True,historical_validation
risk20,20% target-vol,2024-08-31 00:00:00+00:00,0.08985899249526264,31,True,historical_validation
risk20,20% target-vol,2024-09-30 00:00:00+00:00,-0.02103621536446343,30,True,historical_validation
risk20,20% target-vol,2024-10-31 00:00:00+00:00,-0.0008382875819780145,31,True,historical_validation
risk20,20% target-vol,2024-11-30 00:00:00+00:00,0.0544167515631353,30,True,historical_validation
risk20,20% target-vol,2024-12-31 00:00:00+00:00,0.00648114001308886,31,True,historical_validation
risk20,20% target-vol,2025-01-31 00:00:00+00:00,-0.045590998530217974,31,True,historical_validation
risk20,20% target-vol,2025-02-28 00:00:00+00:00,0.051633743353526995,28,True,historical_validation
risk20,20% target-vol,2025-03-31 00:00:00+00:00,0.005963358240638206,31,True,historical_validation
risk20,20% target-vol,2025-04-30 00:00:00+00:00,0.01035392261272583,30,True,historical_validation
risk20,20% target-vol,2025-05-31 00:00:00+00:00,0.033049333023261296,31,True,historical_validation
risk20,20% target-vol,2025-06-30 00:00:00+00:00,-0.00151703338073228,30,True,historical_validation
risk20,20% target-vol,2025-07-31 00:00:00+00:00,0.09227724176643659,31,True,historical_validation
risk20,20% target-vol,2025-08-31 00:00:00+00:00,0.030508205114549547,31,True,historical_validation
risk20,20% target-vol,2025-09-30 00:00:00+00:00,-0.022510457163232078,30,True,historical_validation
risk20,20% target-vol,2025-10-31 00:00:00+00:00,0.01982294589378908,31,True,historical_validation
risk20,20% target-vol,2025-11-30 00:00:00+00:00,0.05485345906104966,30,True,historical_validation
risk20,20% target-vol,2025-12-31 00:00:00+00:00,-0.027298136692644137,31,True,historical_validation
risk20,20% target-vol,2026-01-31 00:00:00+00:00,0.010079084497983448,31,True,historical_validation
risk20,20% target-vol,2026-02-28 00:00:00+00:00,0.043260518179463414,28,True,historical_validation
risk20,20% target-vol,2026-03-31 00:00:00+00:00,-0.010796467696983947,31,True,historical_validation
risk20,20% target-vol,2026-04-30 00:00:00+00:00,-0.0011303565731117793,30,True,historical_validation
risk20,20% target-vol,2026-05-31 00:00:00+00:00,0.03666443795356478,31,True,historical_validation
risk20,20% target-vol,2026-06-30 00:00:00+00:00,0.11198485311058781,30,True,historical_validation
risk24,24% target-vol,2021-07-31 00:00:00+00:00,0.0,31,True,development
risk24,24% target-vol,2021-08-31 00:00:00+00:00,0.0,31,True,development
risk24,24% target-vol,2021-09-30 00:00:00+00:00,-0.024655310815142273,30,True,development
risk24,24% target-vol,2021-10-31 00:00:00+00:00,-0.00011923627700582973,31,True,development
risk24,24% target-vol,2021-11-30 00:00:00+00:00,-0.002522200734887514,30,True,development
risk24,24% target-vol,2021-12-31 00:00:00+00:00,-0.0026016050850159456,31,True,development
risk24,24% target-vol,2022-01-31 00:00:00+00:00,0.0,31,True,development
risk24,24% target-vol,2022-02-28 00:00:00+00:00,0.03043760239899851,28,True,development
risk24,24% target-vol,2022-03-31 00:00:00+00:00,0.01694822874983748,31,True,development
risk24,24% target-vol,2022-04-30 00:00:00+00:00,0.01629894104157459,30,True,development
risk24,24% target-vol,2022-05-31 00:00:00+00:00,0.04919108771134795,31,True,development
risk24,24% target-vol,2022-06-30 00:00:00+00:00,0.09774092056271555,30,True,development
risk24,24% target-vol,2022-07-31 00:00:00+00:00,-0.006168801147406144,31,True,development
risk24,24% target-vol,2022-08-31 00:00:00+00:00,-0.02823459845997789,31,True,development
risk24,24% target-vol,2022-09-30 00:00:00+00:00,-0.03543861349401334,30,True,development
risk24,24% target-vol,2022-10-31 00:00:00+00:00,0.04902430702208971,31,True,development
risk24,24% target-vol,2022-11-30 00:00:00+00:00,0.02511733098983271,30,True,development
risk24,24% target-vol,2022-12-31 00:00:00+00:00,-0.005709060593080961,31,True,development
risk24,24% target-vol,2023-01-31 00:00:00+00:00,0.18316723061297058,31,True,development
risk24,24% target-vol,2023-02-28 00:00:00+00:00,-0.0019229338479523905,28,True,development
risk24,24% target-vol,2023-03-31 00:00:00+00:00,0.06298773101551713,31,True,development
risk24,24% target-vol,2023-04-30 00:00:00+00:00,0.03227039387757591,30,True,development
risk24,24% target-vol,2023-05-31 00:00:00+00:00,-0.024986648337449124,31,True,development
risk24,24% target-vol,2023-06-30 00:00:00+00:00,0.01834840839983598,30,True,development
risk24,24% target-vol,2023-07-31 00:00:00+00:00,-0.01940648066116535,31,True,development
risk24,24% target-vol,2023-08-31 00:00:00+00:00,0.04712668360075045,31,True,development
risk24,24% target-vol,2023-09-30 00:00:00+00:00,-0.0334936785595259,30,True,development
risk24,24% target-vol,2023-10-31 00:00:00+00:00,0.09666266749868391,31,True,development
risk24,24% target-vol,2023-11-30 00:00:00+00:00,0.018146450681377546,30,True,development
risk24,24% target-vol,2023-12-31 00:00:00+00:00,0.07486150489644805,31,True,development
risk24,24% target-vol,2024-01-31 00:00:00+00:00,0.024856339007403694,31,True,historical_validation
risk24,24% target-vol,2024-02-29 00:00:00+00:00,0.1514217177880146,29,True,historical_validation
risk24,24% target-vol,2024-03-31 00:00:00+00:00,-0.007868807219868601,31,True,historical_validation
risk24,24% target-vol,2024-04-30 00:00:00+00:00,-0.024593353824750586,30,True,historical_validation
risk24,24% target-vol,2024-05-31 00:00:00+00:00,0.024449883241404624,31,True,historical_validation
risk24,24% target-vol,2024-06-30 00:00:00+00:00,0.007885418646621956,30,True,historical_validation
risk24,24% target-vol,2024-07-31 00:00:00+00:00,0.022269640500808263,31,True,historical_validation
risk24,24% target-vol,2024-08-31 00:00:00+00:00,0.10799492509611519,31,True,historical_validation
risk24,24% target-vol,2024-09-30 00:00:00+00:00,-0.021218448702282622,30,True,historical_validation
risk24,24% target-vol,2024-10-31 00:00:00+00:00,-0.0015939660007870948,31,True,historical_validation
risk24,24% target-vol,2024-11-30 00:00:00+00:00,0.06593274807653171,30,True,historical_validation
risk24,24% target-vol,2024-12-31 00:00:00+00:00,0.008185357528774917,31,True,historical_validation
risk24,24% target-vol,2025-01-31 00:00:00+00:00,-0.05210685988837038,31,True,historical_validation
risk24,24% target-vol,2025-02-28 00:00:00+00:00,0.060538852659104636,28,True,historical_validation
risk24,24% target-vol,2025-03-31 00:00:00+00:00,0.004886038022212658,31,True,historical_validation
risk24,24% target-vol,2025-04-30 00:00:00+00:00,0.00900306934891515,30,True,historical_validation
risk24,24% target-vol,2025-05-31 00:00:00+00:00,0.03880612583728049,31,True,historical_validation
risk24,24% target-vol,2025-06-30 00:00:00+00:00,-0.0026573368751428017,30,True,historical_validation
risk24,24% target-vol,2025-07-31 00:00:00+00:00,0.110457875319107,31,True,historical_validation
risk24,24% target-vol,2025-08-31 00:00:00+00:00,0.0349371731907302,31,True,historical_validation
risk24,24% target-vol,2025-09-30 00:00:00+00:00,-0.026493030335996703,30,True,historical_validation
risk24,24% target-vol,2025-10-31 00:00:00+00:00,0.023789116678841093,31,True,historical_validation
risk24,24% target-vol,2025-11-30 00:00:00+00:00,0.06505037352149334,30,True,historical_validation
risk24,24% target-vol,2025-12-31 00:00:00+00:00,-0.03171783439755804,31,True,historical_validation
risk24,24% target-vol,2026-01-31 00:00:00+00:00,0.012887465996678893,31,True,historical_validation
risk24,24% target-vol,2026-02-28 00:00:00+00:00,0.05423316571305303,28,True,historical_validation
risk24,24% target-vol,2026-03-31 00:00:00+00:00,-0.012967006611268928,31,True,historical_validation
risk24,24% target-vol,2026-04-30 00:00:00+00:00,-0.002297044658561509,30,True,historical_validation
risk24,24% target-vol,2026-05-31 00:00:00+00:00,0.044950740554387414,31,True,historical_validation
risk24,24% target-vol,2026-06-30 00:00:00+00:00,0.13866092373359473,30,True,historical_validation
