shift_days,cagr,max_dd,sharpe,calmar,multiple
30,0.03832979467010422,-0.25978555277152404,0.3231833424434759,0.14754398103044042,1.0985825592348542
31,0.08258721023298388,-0.19656673198392682,0.5746683450738346,0.420148462557423,1.2193978802067889
32,-0.03223938172206675,-0.2414370938185001,-0.1191869601405643,-0.13353118699441707,0.9213501977778898
33,0.02129007663660265,-0.14480769011140948,0.21226524990502213,0.14702310782129652,1.054070476067263
34,-0.024206993217716466,-0.17311630718526905,-0.0775891075148813,-0.13983080861244426,0.940584668429124
35,0.0076946512567550585,-0.15807056539303876,0.1270397688828793,0.04867858375544168,1.0193451107112417
36,-0.006861688252201015,-0.1780727940500404,0.0320708278923575,-0.03853305210830132,0.9829362746769822
37,-0.04283854566852363,-0.17538624343314024,-0.21894587248365197,-0.24425259832225268,0.8963332553443216
38,-0.0926557703003914,-0.3504999155862274,-0.5767107322354494,-0.26435318863178703,0.7842321741961258
39,-0.15150778252459207,-0.414216128223619,-0.9732815739831218,-0.3657698776103643,0.6631993273334708
40,-0.16308033704715563,-0.4575449737426721,-1.0451793659163569,-0.35642471539611675,0.6408197508042243
41,-0.11527549383561253,-0.3542712134189462,-0.672994396471622,-0.3253876958365584,0.7362721046901879
42,-0.07238044068453331,-0.3490549137349208,-0.3505245469610001,-0.2073611854079225,0.8287736038296377
43,-0.0663264934019937,-0.35286542113164154,-0.3166778318201874,-0.1879654095583643,0.8423601037319763
44,-0.16616192051890355,-0.39835801493567247,-1.0213249426081825,-0.4171170512176984,0.634937999770476
45,-0.13090457683501766,-0.3493242496800152,-0.8143940906629692,-0.3747365862946179,0.7041894432750604
46,-0.18118192248746456,-0.43841984456657845,-1.1703832132024394,-0.41326122604368165,0.6067339065879171
47,-0.19334591608786567,-0.44678352489872786,-1.31417718762373,-0.4327507737258021,0.5844539211943661
48,-0.19357475525828993,-0.4446041223485493,-1.3931720442185498,-0.43538677562358763,0.5840395577164943
49,-0.17117417015106917,-0.41176482200330866,-1.1877826232323958,-0.41570858170515046,0.6254406396592785
50,-0.16355315411930926,-0.42429414952645406,-1.087566668027501,-0.3854711508557155,0.6399151815460516
51,-0.12133063490788676,-0.3206449986582942,-0.7805339635301489,-0.3783955321791459,0.7237406015081674
52,-0.08068188770753992,-0.2599438462595868,-0.5065825227662057,-0.3103819877581132,0.8103582253577792
53,-0.0003097164234320271,-0.12356412615960222,0.07143636563592147,-0.002506523803130209,0.9992259947191565
54,0.07944556125791236,-0.1046870309991128,0.5723449389562445,0.7588863730272916,1.2105716517823273
55,-0.027175747184772003,-0.17764316364574895,-0.10224282392621338,-0.15297941461437334,0.9334478675736504
56,-0.019956994029790787,-0.16483947578119218,-0.05045461404053756,-0.12106926411414756,0.9508583627362056
57,-0.16285527005616673,-0.3878416399919604,-1.1198827393126392,-0.41990145787219385,0.6412506067036808
58,-0.1316139948196854,-0.33247024507259815,-0.8894225365760375,-0.39586698891188343,0.702753494547414
59,-0.1592542652194301,-0.3818148376120508,-1.0485502807126565,-0.4170981573566897,0.6481678177079389
60,-0.12008921925797689,-0.3641977513345248,-0.7388732258949989,-0.3297363007265575,0.7262992767731518
61,-0.19099344181171918,-0.47698928967906706,-1.279452125092805,-0.40041452909818037,0.5887238191283993
62,-0.2033751316495206,-0.4559800066599774,-1.4087841679571294,-0.4460176513861422,0.5664589504130728
63,-0.18852512821012912,-0.4375379954539099,-1.350253485742664,-0.4308771584843728,0.5932240353899181
64,-0.16285734229298587,-0.4239980102755454,-1.1317719403654936,-0.3840993078886127,0.6412466389347339
65,-0.11587564193127853,-0.34379406708711924,-0.780874879051205,-0.33704956840315403,0.7350242950313505
66,-0.12684600026276405,-0.40624806362093446,-0.9103604389890749,-0.3122377966116846,0.7124383349084582
67,-0.12540266603449257,-0.37283230869747197,-0.8413057782659785,-0.3363513920577315,0.715385754788194
68,-0.16302103017839487,-0.38980451705752506,-1.1666094046950515,-0.4182122654939301,0.6409332677613948
69,-0.2108381701590868,-0.4633335910537454,-1.5343668616644186,-0.45504615730446824,0.5532868785609286
70,-0.3673457806958782,-0.6905368812640301,-3.149340602570441,-0.5319712685344923,0.3184080719998421
71,-0.2745454415008186,-0.563390489977525,-2.060962968554719,-0.48730932876018346,0.44830464482705634
72,-0.23816710656964923,-0.5151196215417819,-1.8270164853716107,-0.46235300813586117,0.50662863367727
73,-0.18102286143220314,-0.43472062439238923,-1.3364790882793858,-0.41641194660414266,0.6070285647748157
74,-0.13265460477730373,-0.36218613245992004,-0.9081881008098074,-0.36626086116641543,0.7006503534983182
75,-0.08908505797775812,-0.375079241948416,-0.5475577529381469,-0.23750996593410476,0.791969456998241
76,-0.07848773784219254,-0.34503557077819913,-0.44051402731473577,-0.22747723565187772,0.8152014532813409
77,-0.10193972354803604,-0.33741377257390226,-0.5996878184308623,-0.3021208137723798,0.764327872967815
78,-0.16193316622830867,-0.42021535451593106,-1.0182574627833654,-0.3853575660386049,0.6430176461001806
79,-0.07169171683339792,-0.3188359272752799,-0.40289938112616475,-0.22485457472143652,0.830312585448
80,-0.08198731131525605,-0.3057231264175998,-0.5031080158735022,-0.2681750388855641,0.8074849272207176
81,-0.13470800442989872,-0.43079253393464323,-0.8825613003139047,-0.312698094369332,0.6965113864199369
82,-0.10467776053839417,-0.3724062233470601,-0.6653570056753769,-0.28108488520300806,0.7585162075841492
83,-0.13709199964377572,-0.41477686134344716,-0.8901974981634948,-0.3305198829070159,0.6917244930745702
84,-0.08371344798149727,-0.3290895198228886,-0.4713069299484771,-0.25437895447582376,0.8036950170278516
85,-0.07922442757205883,-0.27857427932353973,-0.44050257637257256,-0.28439247070633744,0.8135733999840505
86,-0.08028552223359775,-0.3101179982001946,-0.4841429234539353,-0.25888701300648137,0.8112318562627737
87,-0.007417581553354591,-0.2643207026385085,0.02309139978579897,-0.028062809607081962,0.981561582935074
88,-0.03584969694065954,-0.29200421011599764,-0.1477400691332836,-0.12277116458840909,0.9127824501487256
89,-0.11020979091074501,-0.37160577609483625,-0.6434409284135109,-0.29657717398509637,0.7468552048265283
90,-0.05729513537015296,-0.3152760766787932,-0.3089832211812074,-0.18173004426379577,0.8628755035791443
91,-0.04139460163663833,-0.32577735599450275,-0.1880659971641641,-0.12706408494928306,0.8997170681348549
92,-0.04155808716968301,-0.25533299494050876,-0.20858670348905614,-0.16276034822434846,0.8993335636649956
93,-0.0215906120788657,-0.19739160693438684,-0.06337014194534125,-0.10937958515147223,0.946901429076516
94,-0.06246839161294104,-0.2268082180208364,-0.33062227604861344,-0.2754238455645474,0.851087836874953
95,-0.0437643577225606,-0.200726891261644,-0.18972137722496002,-0.2180293703922038,0.8941676832402523
96,-0.08857241478789124,-0.29290380539395267,-0.4976736595761855,-0.3023942098285894,0.7930840327683566
97,-0.04835080391010882,-0.23802056032171126,-0.21065228993268456,-0.20313708968988783,0.8834858100366051
98,-0.04017755313282245,-0.30740499456747816,-0.17936037782481998,-0.13069909026479112,0.9025751052297619
99,-0.11477214825046067,-0.3445172440118567,-0.6830899151810425,-0.3331390525303016,0.7373196247637543
100,-0.026969996685365816,-0.23385213186430376,-0.10646779961194762,-0.11532927440240555,0.9339414344433286
101,-0.040707419852368254,-0.29744288640540806,-0.19837012030928083,-0.1368579371465786,0.9013301324638574
102,-0.05734618000174352,-0.27206467769508236,-0.31387010193410086,-0.21078142332763422,0.8627587190308431
103,-0.11452870433094908,-0.42492594180463017,-0.6893622367010962,-0.26952627049446276,0.7378265801694992
104,-0.036886331598196875,-0.31865121107115213,-0.15323212170013453,-0.11575770094895534,0.9103312509290836
105,-0.051790737157578426,-0.3370442404785873,-0.2625825394221549,-0.15366154034864374,0.8755246701076782
106,-0.026681760445930958,-0.3140552443664256,-0.10538336406582816,-0.08495881194328941,0.9346331364031905
107,-0.04950473775504971,-0.37751147967137333,-0.24886762135289595,-0.13113439039825747,0.8808104071497797
108,-0.020742753704753092,-0.32959106994001,-0.05900623302062406,-0.06293481710086549,0.9489538676666713
109,-0.043912945384654956,-0.3383890514055159,-0.2105391370916946,-0.1297705856683611,0.8938204136605032
110,-0.0004433306735854847,-0.28582050570197226,0.07666185185962081,-0.001551080712339617,0.9988921933923858
111,0.029625838705998664,-0.17671494114493103,0.2629184180209875,0.16764761663079367,1.075707613908015
112,0.02444301789957537,-0.23256291326047818,0.22984913533494208,0.10510281952048983,1.0622235553316939
113,0.050087589142367106,-0.17596970046950744,0.3842625162496629,0.284637576859696,1.1299430364496492
114,0.08574184059610546,-0.17490302291724946,0.6049923704175577,0.49022503537101153,1.2282993131650706
115,0.033124715641476454,-0.2173753134889248,0.28065836170515496,0.15238490107186964,1.0848683392044514
116,0.03313730056300157,-0.22416020703083905,0.2822796828949217,0.1478286489914005,1.0849013730637838
117,-0.04776829662134363,-0.3880629604442243,-0.21027162431678784,-0.12309419215547447,0.8848382061505096
118,-0.1978352495274851,-0.5705674916401079,-1.26512423340989,-0.34673417680843266,0.5763571679019304
119,-0.14874328772871426,-0.49895509885707734,-0.9158835838160352,-0.2981095655088613,0.6686137583043241
120,-0.049246356353734644,-0.3711108580837912,-0.2101995405037958,-0.13269985310592977,0.8814090431099422
121,0.02375156707560988,-0.35501271325828754,0.22298853918207276,0.0669034268029989,1.060432330317651
122,0.14239233159010856,-0.3120206311496341,0.8391878716605655,0.45635550144702525,1.3948207894560576
123,0.03729167958585622,-0.3296808278203398,0.28897308666365856,0.1131144926819293,1.0958391045489597
124,-0.012476874589584575,-0.30512055421094353,0.02341360016157644,-0.040891622728761665,0.9691032554266112
125,-0.15747941873801719,-0.54323533660561,-0.8918609983113266,-0.2898917064600817,0.6515935331724123
126,-0.06397375235414127,-0.42781150102707766,-0.2871784516545838,-0.14953724292253692,0.8476760134235618
127,-0.09002452380642756,-0.3942075515057948,-0.43815080755014374,-0.22836833912123627,0.789929334606983
128,-0.13287523961307102,-0.45921061086822634,-0.711356874929253,-0.2893557693752867,0.7002049218581942
129,-0.1231176673027472,-0.38238998813281666,-0.6418262732446588,-0.3219688567264067,0.7200668662899763
130,-0.14493340463222615,-0.43003602302839783,-0.8403456720126695,-0.33702619518145654,0.6761189720893098
131,-0.17657312533099734,-0.4938519904037526,-1.0898315333950426,-0.3575426013503329,0.6153064516484514
132,-0.14623580726210916,-0.42696626379142144,-0.8731021681175662,-0.34249967658697095,0.6735476716109589
133,-0.13551670418304618,-0.3974537465185659,-0.7713425794521171,-0.3409622009355393,0.6948853547873572
134,-0.16322600052494363,-0.4255213360111074,-0.981405821019391,-0.3835906374402879,0.6405409932374282
135,-0.017439321291423893,-0.25249383798662695,-0.020324409077495654,-0.06906830451976237,0.956976041184058
136,-0.1356317676444747,-0.3989061445621235,-0.8157761536873374,-0.3400092214507168,0.6946541849351556
137,-0.13690359685681608,-0.43304930924572627,-0.819491115777922,-0.31613858730145794,0.6921020718996379
138,-0.16608240712191324,-0.46026866080594264,-0.9990852735345938,-0.36083796544196284,0.6350893564209902
139,-0.10722793495173621,-0.40303459634067773,-0.5902333629877673,-0.2660514405594561,0.7531272119773613
140,-0.12233572482707267,-0.4261110824904688,-0.6901750753543024,-0.2870982001032772,0.7216729833685248
141,-0.14068702370022113,-0.399810911338217,-0.7932051271822989,-0.3518839023910681,0.6845433573761421
142,0.0024125679240132314,-0.23949832453474895,0.09784120528863603,0.010073422971538118,1.0060415079598701
143,-0.028020120817707772,-0.24624396820019712,-0.0932953124551425,-0.11379007990533732,0.9314239715588625
144,0.0991105385643487,-0.1538506050145354,0.666918962892667,0.6441998622948867,1.2664538961379261
145,-0.03137025078958211,-0.22590143271856566,-0.10620910407701778,-0.13886698464929192,0.9234199337675343
146,-0.028369574132413478,-0.24553459171972392,-0.08887790182607708,-0.1155420665321046,0.9305871309133358
147,-0.0924857369690838,-0.3271888334759163,-0.5329898297877961,-0.2826677670706371,0.7845995818619663
148,-0.02275921713012463,-0.23053610666558266,-0.07015392369636324,-0.0987230046490692,0.9440769170627593
149,-0.03026500713729885,-0.21079682966284796,-0.12974757056961292,-0.14357429941287644,0.9260559708246567
150,-0.08548281464476082,-0.2325047123776347,-0.48760256939566876,-0.3676605681261179,0.799821287681996
151,-0.038186920373940336,-0.1461257469006032,-0.17534646702311976,-0.26132917151086055,0.9072615039312423
152,0.05086842967312588,-0.14931673497707476,0.3921152871140073,0.34067467173680116,1.132044471816805
153,0.056017816791603225,-0.15844777744873018,0.4339368167640587,0.3535411963082235,1.1459614619595166
154,0.050350977104115735,-0.1826430289160944,0.38980560423635907,0.27567970922803087,1.1306516169142538
155,-0.021981751784798886,-0.14278105527810825,-0.06401606587052168,-0.15395426054235933,0.9459554829050919
156,-0.07790861464327836,-0.2443431420804436,-0.49560031077049804,-0.31884919699374653,0.8164826622422527
157,-0.07905314062293212,-0.24206845010906386,-0.4695534413541392,-0.3265734984766282,0.8139517627175694
158,-0.06657790580705159,-0.24251038658811308,-0.3663835738929623,-0.2745363064392351,0.8417932352422276
159,-0.0952722924410846,-0.3275283635239393,-0.5638200979329938,-0.2908825709505951,0.7785914105233112
160,-0.12516255823113132,-0.35153183524730036,-0.806918641348885,-0.35604899949695956,0.715876785168154
161,-0.12061684767740344,-0.316086300652762,-0.7605053533785784,-0.3815946702793286,0.7252111226525138
162,-0.13319192060689655,-0.30649027101316195,-0.8589775441798522,-0.4345714471347012,0.6995658831195242
163,-0.07214620802674054,-0.2322586633668553,-0.43526513746474726,-0.31062870586138164,0.8292968140715964
164,-0.10284826915374223,-0.2776531360622816,-0.624645280054098,-0.3704199801678879,0.7623964740772087
165,-0.04832080094921365,-0.22422190235414308,-0.235828497509105,-0.21550437509398288,0.8835554370279182
166,-0.09651689295123533,-0.2841210838624374,-0.5571094324630531,-0.33970338152717244,0.7759168394910835
167,-0.07279623728780116,-0.2868291636678707,-0.39146981664723335,-0.2537964980858586,0.8278453184260985
168,-0.07850225259985633,-0.32092941977704426,-0.41699723488205664,-0.24460908773771295,0.8151693574196672
169,-0.13101128204820767,-0.3512787016009159,-0.8254904307054286,-0.37295538115785976,0.7039733465152656
170,-0.12311079835826655,-0.3400994853018471,-0.7835342766621621,-0.3619846653075718,0.7200809658193722
171,-0.11984611774416976,-0.33967110875320405,-0.7460448460921578,-0.35282988354257333,0.7268009664369847
172,-0.13238206093872973,-0.36028221848126507,-0.8057810593806829,-0.3674398961369049,0.7012008169765642
173,-0.05200597777927618,-0.2688004563345925,-0.24805722202398373,-0.19347429125842383,0.8750279690773836
174,-0.09129671230977499,-0.29131177859210133,-0.513277580550614,-0.313398629986774,0.7871717098371939
175,-0.12117207086624959,-0.3660784547709687,-0.7173327844221229,-0.3310002795495272,0.7240671152588799
176,-0.1694356069048042,-0.40612961604635567,-1.0455342662515197,-0.41719589069678875,0.6287251955191714
177,-0.160961696861611,-0.3835457426771456,-1.008559298668935,-0.41966753623205383,0.6448824419427269
178,-0.060317389501042706,-0.21083437115019588,-0.30470898999765034,-0.2860889767260639,0.8559772489076282
179,-0.09592684471909962,-0.2570124577790073,-0.5625023860695839,-0.37323811284503,0.777184129035752
180,-0.08336458976017846,-0.3040148372962952,-0.4793166468997438,-0.27421224076287665,0.8044601086596236
181,-0.029656483528879618,-0.24398596491027358,-0.13884475205055635,-0.12154995694029311,0.9275092413824174
182,0.04342195655776648,-0.1174230888904153,0.3779318871996603,0.36979061757002385,1.112099410643094
183,-0.0003069743223225174,-0.17899485529445935,0.06599413750656903,-0.0017149896393252348,0.9992328458642207
184,-0.07937605855001784,-0.2811326168096807,-0.5432027730657875,-0.2823438256677037,0.8132385441946256
185,-0.03438790720447793,-0.25615384212358183,-0.20023374098184996,-0.13424708729485865,0.9162456820337473
186,-0.10017085516090352,-0.3084750946753362,-0.7135142743022135,-0.3247291495812047,0.768096571789823
187,-0.009321715603834102,-0.21996364100917998,0.005261406727201083,-0.042378438368571414,0.9768615155121609
188,-0.016359374340265798,-0.22012669454242018,-0.04789294737820768,-0.07431799389107356,0.9596074147133963
189,0.004796382795666743,-0.22873833680219446,0.10356704778562008,0.020968862774474486,1.0120324691116676
190,0.04301476155296524,-0.17622041414368916,0.3736775866551194,0.24409635944840782,1.111014885711585
191,0.028376792874761803,-0.18458389132513864,0.27648934335879555,0.1537338533229695,1.0724486571862606
192,0.1051267980781232,-0.16163870983859618,0.7706112374102192,0.650381323775086,1.2838533495181694
193,-0.02917640008576672,-0.27745926168215573,-0.12456990883775104,-0.10515561783333018,0.9286567372164946
194,-0.11111791002754823,-0.42009296529754214,-0.7028378776327548,-0.26450790469401453,0.7449513241103147
195,-0.16463057370709044,-0.46133941310547366,-1.093366408590134,-0.35685347713712856,0.6378567808947337
196,-0.11877977010250407,-0.4306008885850091,-0.7179824525751409,-0.275846551299103,0.7290040485751443
197,-0.13031321496884674,-0.44223213321420674,-0.8871932239195854,-0.29467152018491183,0.7053877761267134
198,-0.05991792706367138,-0.3065912933107018,-0.36593496014794136,-0.1954325787162851,0.8568871118004434
199,-0.04359049979047225,-0.3164562666567359,-0.2285856394717123,-0.13774573103257715,0.8945741156293506
200,-0.0057446954347863954,-0.17471554614180052,0.03584978972857661,-0.032880276321398186,0.9857020234767403
201,-0.014632265598611971,-0.24223767591973033,-0.027142104461164517,-0.0604045821652476,0.9638246608085485
202,-0.09021126086038511,-0.2921657186426968,-0.5788945622788856,-0.3087674395184902,0.7895241967930132
203,-0.15223748770039447,-0.4062599205716696,-1.0514992347217254,-0.37472928042267406,0.6617745595496333
204,-0.09299962837992903,-0.31211371644116526,-0.5513660363778513,-0.29796713018685883,0.7834894818646003
205,-0.08453692191673046,-0.31872743851348284,-0.5025229677684104,-0.2652326461474523,0.8018907631085
206,-0.09253781984190201,-0.35104809376619517,-0.5214322534822387,-0.26360439348670556,0.7844870303307238
207,0.022928976675723467,-0.19058079131332328,0.22218111414759778,0.12031105820117627,1.0583037459549467
208,0.003203191388147175,-0.25151355841465817,0.09645891358081067,0.012735660885789025,1.0080261237871149
209,-0.023135430627784892,-0.25613365096851515,-0.07102338143046104,-0.0903256192238043,0.9431686881019756
210,-0.03866795544384671,-0.29576317102519967,-0.1742882092674663,-0.1307395890766674,0.9061277045544316
211,-0.022619263145647772,-0.20570879930289854,-0.05996348542526889,-0.10995768397997283,0.944414918270415
212,0.09600570544292819,-0.14936438629766813,0.6647578194865654,0.6427616905384562,1.257530166984688
213,0.09935520648384899,-0.15211019137196546,0.6987935338419207,0.6531791564241012,1.2671587159147981
214,0.10761587275835471,-0.1514054685720274,0.7366441646385711,0.7107792986166752,1.2910936217731246
215,-0.03345333046194443,-0.26034354838903095,-0.14397152412966582,-0.12849686757727974,0.9184639800130171
216,-0.030878940636441143,-0.24431198503407325,-0.12830528508524017,-0.12639142787912994,0.9245911656656671
217,-0.01580854741150528,-0.2434319045833001,-0.028242796604979713,-0.06494032669450583,0.960951216429268
218,-0.04508531908823832,-0.22888110319247468,-0.22350505313141977,-0.19698139540302892,0.8910832545964936
219,-0.007633510216196404,-0.20239411557358855,0.031529191869133034,-0.03771606795268182,0.9810279151624747
220,-0.06254283582207809,-0.26439943602326954,-0.30936002922277017,-0.23654678225778725,0.8509189195945824
221,0.020893202752884976,-0.2507519999485277,0.2085550014706815,0.08332217791751914,1.0530468836631628
222,0.016231250666471908,-0.25005418323605577,0.18076964526118142,0.06491093432797845,1.0410676990307848
223,0.13413978981834562,-0.15387399463449902,0.8926419219757682,0.871750877313424,1.369770345399639
224,0.04613028549853615,-0.21628994064252982,0.35845342342373004,0.2132798472342148,1.1193289462531444
225,-0.05342386889743922,-0.2516283067099897,-0.28349387360124545,-0.21231263523547877,0.8717601909784148
226,0.018894572258355113,-0.17645784920310226,0.2011612444945433,0.10707697245367384,1.0479012049032896
227,0.004731686311816752,-0.17595634563392104,0.10577358554246627,0.02689125132014888,1.0118695932799624
228,0.028161842573731555,-0.1895987091588337,0.25951838961635804,0.14853393622073324,1.0718884163215956
229,-0.08136786106170191,-0.3138936996588547,-0.4989238269743102,-0.25922107117834464,0.8088476026809378
230,-0.04796929218247237,-0.3152929675884171,-0.2613261369616522,-0.15214196672185662,0.8843714183370602
231,-0.03065452751594422,-0.2547227832423524,-0.13782292038642385,-0.12034466303227535,0.9251264393717359
232,-0.08431096624295709,-0.31304967844560994,-0.5509901881200959,-0.26932136350239216,0.8023855959936725
233,-0.0618031057276599,-0.20513780435748763,-0.3937588669640395,-0.30127604183555284,0.8525982939127049
234,-0.16775361271185296,-0.39332929064355493,-1.1765661334887458,-0.4264966192509563,0.6319127072868198
235,-0.08806525884941896,-0.311281997730948,-0.5240887870104478,-0.28291150625914724,0.7941876037895569
236,-0.07532925192045825,-0.3020023635868688,-0.4247560271335296,-0.24943265683677449,0.8222037205449543
237,-0.015464110665838748,-0.18123691941574616,-0.024272573948924875,-0.08532538908568096,0.9617920803917706
238,-0.081218904383621,-0.2942739786066114,-0.49096425338438215,-0.2759975746689968,0.8091754853038275
239,-0.15592892741534448,-0.36718390185858574,-1.0482290984482,-0.42466166579219394,0.6545950805140345
240,-0.1603589234409425,-0.37799020379703285,-1.0166988634611382,-0.424240950770908,0.6460411321185834
241,-0.11173882226535248,-0.27040882170569636,-0.6161601923142913,-0.41322180822549187,0.7436512533051663
242,-0.13572605029572926,-0.3393384779898224,-0.7940394224966583,-0.399972473206531,0.6944647994558434
243,-0.03521834786607836,-0.2807797879945093,-0.1357135663187739,-0.12543049525618652,0.9142772596603875
244,-0.015321081590755514,-0.21213717350929495,-0.013679487276755983,-0.0722225215755701,0.9621413830050467
245,0.010804371125492152,-0.18596522863817921,0.1476883152055713,0.05809887797096485,1.0272264205863542
246,0.1413698292373251,-0.11934600566259723,0.8659055662125964,1.184537584248872,1.3917022124239484
247,0.20873669689755436,-0.0958086146324727,1.2388492313550563,2.1786840118530075,1.6062054379575617
248,0.08768950147675825,-0.1840404338374677,0.5691033945655217,0.4764686740208393,1.233814439594336
249,0.04689101550616637,-0.18677601711523517,0.350285326084393,0.25105479938163594,1.121364674626609
250,0.08054097980570085,-0.15271716758612408,0.5396815983362023,0.5273865478174231,1.2136447808001372
251,-0.017576542321470878,-0.3015013082105813,-0.024316964628539394,-0.05829673650767272,0.956642001985633
252,0.009772011698008676,-0.19531136312907682,0.14019114379347591,0.050032991124794805,1.024605958448387
253,-0.03298859907182006,-0.1631109273410002,-0.13061943914436844,-0.20224640745775416,0.9195682580165992
254,0.04441090589870056,-0.13395283587157847,0.3446191221864676,0.33154136386688826,1.1147360262751635
255,0.021771535686375243,-0.14402817844344007,0.2145470949157689,0.15116164018504846,1.0553130262751202
256,-0.04059413548254509,-0.2684109444025691,-0.18457010568414361,-0.1512387491236611,0.9015962183297935
257,-0.10915588319831893,-0.3282744756255309,-0.6825323724410248,-0.33251407374978237,0.7490683889200078
258,-0.19960243121331533,-0.45021651509389704,-1.3553712812525953,-0.4433476439034812,0.5731885334066229
259,-0.10882073881039378,-0.26491873781326136,-0.6386145535864653,-0.41077025999988137,0.7497730085856281
260,-0.098968803609358,-0.2606367609334027,-0.5827901983081392,-0.37971928155846857,0.7706639764000034
261,-0.0488467483426952,-0.2461007728859611,-0.25332524698497266,-0.19848271002923648,0.8823353632399941
262,-0.07173788035731543,-0.2871065902038573,-0.39521417872128317,-0.24986497281855713,0.830209377603598
263,-0.15946286093106476,-0.35912345572375914,-1.0775256935482953,-0.4440335444246921,0.6477659085331955
264,-0.23579337579909065,-0.5010956893142561,-1.6372479323116305,-0.47055558614318016,0.5105837204873347
265,-0.19944124474976277,-0.465621417624685,-1.3066967723909277,-0.4283334855324949,0.5734771135399813
266,-0.10492066714860748,-0.2798845864976528,-0.6201599056275978,-0.3748711869472218,0.758001906992374
267,-0.05763937325905677,-0.2505806205247407,-0.320361234651973,-0.2300232681136881,0.862088108507397
268,0.020451886269459374,-0.2924833475426849,0.20993409792294768,0.06992495963030727,1.0519093681919909
269,0.03136171876905336,-0.27213503934918115,0.27485738546349886,0.11524322205643132,1.080246652794516
270,-0.019399662315111033,-0.2140942653592468,-0.04760260946765051,-0.09061271343517167,0.9522105915124756
271,-0.06486919177026662,-0.2393893453774496,-0.359827290858049,-0.270977773334006,0.8456504444362268
272,0.0005003434188672884,-0.14952796929123258,0.08158577965293097,0.003346152704667444,1.00125115657586
273,0.055938146007578515,-0.14321389895437753,0.4239272500800301,0.39059160050798053,1.1457453624194578
274,0.03592892545676163,-0.17198486009655367,0.3113541643766164,0.20890749009297008,1.0922439627859086
275,-0.0007528853415621484,-0.23062803444556945,0.06776806755352593,-0.0032645005338231632,0.9981191066040122
276,0.06351855787926475,-0.1497456378788311,0.4775034445070487,0.4241763485001261,1.1664161611273753
277,-0.027091356047439952,-0.28671679429941177,-0.09234362838351057,-0.09448820782764845,0.9336502912557421
278,-0.02051274269163139,-0.2699339824408138,-0.05481568799673958,-0.07599170177148426,0.9495111226684031
279,-0.07981467114466823,-0.307033044685906,-0.40138786604720206,-0.25995466131770417,0.8122703952476411
280,-0.1731494100829306,-0.4291091370114124,-1.0322376395352393,-0.4035090263722947,0.6217214633186878
281,-0.11779582375770492,-0.3282672505599089,-0.7427648889016354,-0.35884122938485796,0.7310404386644246
282,-0.20205008867684693,-0.4456156984040287,-1.4745257357788157,-0.45341779789286757,0.5688170740245482
283,-0.17400933139562036,-0.3982671161567224,-1.2217331937095919,-0.4369161407921658,0.6201064751644134
284,-0.1868853125160843,-0.4701136565338241,-1.2008962249227177,-0.39753219230855963,0.5962251117013684
285,-0.15768424194822372,-0.4420963362177692,-0.9088843641839358,-0.3566739396604072,0.6511976411074685
286,-0.21763090830313558,-0.5252967677631755,-1.349259848989996,-0.4143008707817753,0.5414591411028327
287,-0.22628702727524075,-0.48678899208819837,-1.4354378204653622,-0.46485650035866294,0.5266084555483598
288,-0.17348474588242024,-0.3945181233345595,-1.0647369679677485,-0.4397383431110505,0.6210913811154133
289,-0.19918500819356522,-0.43705798734484713,-1.3084573357443774,-0.4557404599870736,0.573936045966336
290,-0.1148395195003501,-0.28312461968668645,-0.6808663302241963,-0.4056147417608355,0.7371793656478055
291,-0.13435972097607574,-0.37186923058294075,-0.7953211101910346,-0.36130905685704073,0.697212373466603
292,-0.1571320472010812,-0.4011460718014386,-0.9656412852613224,-0.3917078048289085,0.6522652794716316
293,-0.18633994735713422,-0.4530746955577917,-1.2169518198953568,-0.41127864606900283,0.5972252148261131
294,-0.14597884999702193,-0.3692682470010463,-0.9499514524421797,-0.3953192595966918,0.6740545104186797
295,-0.13721590220465152,-0.4089826818514305,-0.8639636268368204,-0.33550540962636016,0.6914762468034341
296,-0.16485867490033068,-0.40205739205315927,-1.096166592489496,-0.4100376666586281,0.6374215058326402
297,-0.21904970520194178,-0.4879432178735752,-1.448475643043938,-0.4489245821604943,0.5390080242407715
298,-0.1912712070928443,-0.4687483727250342,-1.2343179619542344,-0.4080466583401734,0.5882186855221249
299,-0.1337737372826603,-0.3650338679504773,-0.8321564435583716,-0.3664693855223561,0.6983927324897908
300,-0.17012636539354586,-0.42401638334786296,-1.1351514216514798,-0.4012259244567308,0.6274189540686111
301,-0.08182121114645413,-0.2769014811009948,-0.47118580665978965,-0.2954885283427261,0.8078501814771252
302,-0.08520126861198973,-0.2649139942633756,-0.48159093226793,-0.3216186024785208,0.8004369340207506
303,-0.12934629973877132,-0.34912525198052524,-0.9169168362188583,-0.37048680668331163,0.7073497624755078
304,-0.07809843521030457,-0.3389863554851632,-0.4954289220341204,-0.2303881378898827,0.8160625843930888
305,-0.05163745508022555,-0.2917133261528455,-0.2910886173797535,-0.1770143851884562,0.8758784953112859
306,-0.0254360005248897,-0.24511582225448714,-0.10969419518903135,-0.10377135303196065,0.9376262135234374
307,-0.0776994801610762,-0.293586553507338,-0.4798999923342362,-0.26465612689967477,0.8169456324611156
308,-0.08537603854634834,-0.2866075774807657,-0.5153483368078215,-0.29788479180065625,0.8000547375910589
309,-0.08291544695781405,-0.34559746936021785,-0.5426781746661615,-0.23991913804030462,0.8054457806779016
310,-0.08760758692157189,-0.32988789542378205,-0.5632479283984367,-0.26556775236941943,0.7951842880176286
311,-0.03034696020208194,-0.29503791641090793,-0.1335682490643234,-0.10285783119420096,0.9258603557138056
312,-0.11838216037282445,-0.3891312821278482,-0.7291876489085132,-0.30422164911925603,0.7298265373071581
313,-0.20417893513916952,-0.48005629122634674,-1.4771295587243953,-0.42532290248207383,0.5650313180852886
314,-0.15790968696886776,-0.4121872172430949,-1.1482353936618508,-0.38310185363108346,0.6507620570963787
315,-0.12100320510288542,-0.3220094720600437,-0.852103657968967,-0.3757752973189636,0.7244149393860569
316,-0.1869045188523718,-0.43361264283145395,-1.3050219614554341,-0.43104028893599844,0.5961899090116796
317,-0.17385886283477725,-0.40992002510894987,-1.1903219583512377,-0.42412873776675947,0.6203888830149334
318,-0.21366579150007992,-0.4673216272860137,-1.5461282956058455,-0.4572135741736399,0.5483447001685857
319,-0.2394699486631564,-0.500854417370606,-1.8098836272773005,-0.4781228643651179,0.5044656898239785
320,-0.22061994814918384,-0.46869826569510176,-1.6769430929744407,-0.47070783976978026,0.5363030433860593
321,-0.1802605893666207,-0.42189507544005733,-1.2895369585446759,-0.4272640280965594,0.6084418536726778
322,-0.1868869318853973,-0.4856746284975676,-1.291255466380373,-0.38479863044015955,0.5962221435621505
323,-0.12872421998778782,-0.41095334024309993,-0.8347852561642399,-0.3132331760867082,0.7086137652256987
324,-0.02985379505544483,-0.283796171546963,-0.12899888750726607,-0.10519449537572279,0.9270378740008132
325,-0.07732090316257889,-0.2863659009866254,-0.5097521597209497,-0.2700073678331909,0.817784105563434
326,-0.07305162168772594,-0.3308597151136583,-0.45124078934193335,-0.22079334035160778,0.8272754701614479
327,0.012197459139245526,-0.2528862289646986,0.15623060666364522,0.048232990737301945,1.0307688960804982
328,0.015770408511893708,-0.22039377934447502,0.1805301262838223,0.07155559725324458,1.0398879992774477
329,0.13237338031332713,-0.15406543229896374,0.8905884341769315,0.8592023423947351,1.3644437984054583
330,0.2007390885400786,-0.149571034114665,1.1954509219523173,1.3420986872778247,1.5797720728206706
331,0.1548097740053287,-0.17564754146959782,0.9805872567015377,0.8813660169113391,1.433028192137832
332,0.00043311542171831086,-0.27998105099784687,0.08433341545055587,0.0015469454813984594,1.001082991954912
333,-0.04992429049236502,-0.3364874997773425,-0.23706277825198915,-0.1483689305706764,0.8798388779954487
334,-0.02988522221912049,-0.28697129691035816,-0.11254482269717557,-0.10414010927530427,0.9269628093481145
335,-0.09028353321370497,-0.33991225857280305,-0.509093629073357,-0.2656083472622623,0.7893674308326271
336,0.0667980299261739,-0.19902089034366577,0.47694290541106565,0.3356332584525586,1.1754276481789943
337,0.011245503853836825,-0.1747442257587548,0.15008760623611042,0.0643540798272896,1.0283473828885594
338,-0.04467622989449849,-0.21694867538064755,-0.21354430293914808,-0.2059299500958545,0.8920377894011663
339,-0.17885291292215155,-0.41751740864482956,-1.179931870819834,-0.428372348598994,0.6110569378321589
340,-0.10922253844139185,-0.3242370518639255,-0.6918460663505244,-0.33686013925154346,0.7489282979129968
341,-0.19850701562531714,-0.4274151970428859,-1.3343709745924905,-0.4644360261373659,0.5751514269749513
342,-0.17729239008627895,-0.4439001123535665,-1.1446137572996857,-0.39939703810001637,0.613963837375083
343,-0.11865612596856656,-0.3550104268340104,-0.7064122762626224,-0.33423279148937707,0.7292597571204955
344,-0.08543480174988871,-0.3169070952495906,-0.48214359904443665,-0.2695894255147608,0.7999262556111362
345,-0.08402152294281162,-0.3046328251274093,-0.4900587492689395,-0.2758124404606449,0.8030197315322626
346,-0.11234564090476684,-0.3948364601307718,-0.685096781091424,-0.2845371495518864,0.7423820078996066
347,-0.030067796212165376,-0.32823608048670694,-0.12303373112109474,-0.09160417760162438,0.9265267984261722
348,-0.10235650255670292,-0.3921524561876234,-0.6113036929474768,-0.2610120144389226,0.7634415143785976
349,-0.08843653830102516,-0.32957695534406106,-0.49891685056350815,-0.26833350107474,0.7933796096385234
350,-0.0493436880092184,-0.3427143908264899,-0.22562314404237874,-0.14397903715166782,0.8811835097299984
351,-0.06033501661003571,-0.3265011339505586,-0.32337527819602496,-0.1847926709472688,0.8559371126786403
352,-0.06742458684618935,-0.35584900691825394,-0.3719464762995566,-0.18947527050898363,0.8398858768643412
353,-0.04373625930777747,-0.26020690836481974,-0.2167396158692429,-0.1680826215669017,0.8942333621573038
354,-0.08387387868252905,-0.3793150509958997,-0.4894789987880389,-0.2211193003344223,0.8033433181534764
355,-0.055666401560929724,-0.3454162303567242,-0.2923949417359622,-0.16115745778199525,0.866606849225989
356,-0.05047556279906107,-0.3047706900648527,-0.26752043848949164,-0.16561816619675693,0.8785633127235694
357,-0.0926898790710603,-0.33500744353397305,-0.5511328387600251,-0.27668005848849336,0.784158484468303
358,-0.11618844836744124,-0.3909264792500061,-0.7329827466590971,-0.297213042693729,0.7343744207528657
359,-0.17941856376427323,-0.44113473058003083,-1.210998833606509,-0.40672055797638684,0.6100053020408862
360,-0.07980349339485493,-0.2804792075031819,-0.4932441546522271,-0.284525523675225,0.8122950592874961
361,-0.11266488389027318,-0.29707403048033876,-0.7238722373770727,-0.3792485115851609,0.7417147890032979
362,-0.011608278139931927,-0.23599195349189117,-0.011100311806942065,-0.04918929636442369,0.9712353563458492
363,-0.016229895594627064,-0.23137286846184935,-0.03492599944473882,-0.07014606207945762,0.9599231906546665
364,-0.12449911380564338,-0.391873640913573,-0.775325038862085,-0.3177021897043119,0.7172346074737047
365,-0.13734742358768692,-0.39838436128665766,-0.8590341716106316,-0.3447610823479552,0.6912127942503584
366,-0.0005706749755763907,-0.20235568471424936,0.07504238703385578,-0.002820157864021723,0.9985741182141283
367,-0.009479204743104153,-0.22803450595095942,0.010567327515673136,-0.04156916824308479,0.9764733832447495
368,0.00705577036100502,-0.255827263348574,0.12192495916080275,0.0275802127914384,1.017730431486424
369,0.018546939014015384,-0.24538184465301294,0.19414607308342974,0.07558399049547472,1.0470077310838688
370,-0.08506569834074595,-0.3478277642885118,-0.45066605872051707,-0.24456270336771255,0.8007334819134978
371,-0.15531617320834645,-0.4064403815044313,-0.944083702065087,-0.3821376523500116,0.6557835743748522
372,-0.13253102042843812,-0.37744420438628334,-0.7876136763095942,-0.35112744847660565,0.7008999277017176
373,-0.081859757288266,-0.3046986150658594,-0.4608827402649268,-0.2686581206500474,0.8077654096843611
374,-0.034030178849465686,-0.19911134887634185,-0.14494486229035441,-0.17091029236409894,0.9170944007816159
375,-0.14767444349585157,-0.3806188630604702,-0.8830818511140361,-0.387985089095256,0.6707142380980241
376,-0.20064298793071111,-0.46284054807282304,-1.3016151162516516,-0.4335034792568392,0.5713276696744607
377,-0.23023968382994153,-0.5048832159799311,-1.5137601246819496,-0.4560256244269634,0.5199094215167559
378,-0.22302343691019744,-0.49142670960123,-1.433300809958036,-0.4538284805300278,0.532178472856132
379,-0.2347512286960387,-0.5015631068757309,-1.574287658271401,-0.46803926660060646,0.5123259673923303
380,-0.15902626997600788,-0.43450340761693285,-0.9965147265550396,-0.3659954494907177,0.6486072757690666
381,-0.1720962176347024,-0.449547486162591,-1.0448779270223345,-0.3828209987419642,0.623702861628286
382,-0.06656674660114503,-0.2732312685756222,-0.31615228629059433,-0.24362785031216647,0.8418183914453136
383,-0.037937183448429,-0.24176613287532356,-0.14195237285350895,-0.1569168642325633,0.9078504691780502
384,-0.061234642975330655,-0.25852090348411383,-0.27596371607027775,-0.23686534492980968,0.8538901981487254
385,0.016287028665025627,-0.15619168206170653,0.18003308247797695,0.1042759028524395,1.0412105383524706
386,-0.016341520627534467,-0.2401042565563435,-0.012861320278052975,-0.0680601038145266,0.959650953081201
387,-0.026275476299170486,-0.2521797741183075,-0.06693544798767347,-0.10419343260591399,0.9356086485061389
388,-0.05661354752798353,-0.3039838529393415,-0.2523941253637766,-0.18623866689156182,0.8644358110607262
389,-0.019766387109907857,-0.29744799653052056,-0.041229491412398664,-0.0664532534778047,0.9513206939815276
390,-0.08365546904160548,-0.33190437569427,-0.4521132731255477,-0.2520469001549524,0.8038221421524497
391,-0.08834093367054008,-0.3783330335456744,-0.48861498679102244,-0.23350045023196497,0.7935876213363793
392,-0.026926350969959878,-0.2997452152504083,-0.09143818037427709,-0.08983079495519386,0.9340461545769668
393,0.03098909064773636,-0.19670244909737378,0.2750630695384424,0.15754298327213917,1.0792713253665944
394,-0.008484174827003255,-0.29516034510458566,0.02168640563100067,-0.02874429091752489,0.978927191164268
395,-0.005194728766417245,-0.32447760219712374,0.038119791653150804,-0.016009514158272748,0.9870654908882177
396,-0.005838882140885238,-0.3086060112638058,0.034415096518811555,-0.01892018278248632,0.9854686308972644
397,0.008046058880162965,-0.2362280849504289,0.12909602948871168,0.034060551614137596,1.020233897468631
398,0.0980520886404701,-0.13549570930438248,0.7183533093763217,0.7236545654755925,1.263407508117814
399,0.0414882520308415,-0.24189289646537537,0.34970963173092795,0.1715149664875758,1.1069548229558686
400,0.03945503480381829,-0.24462996642310086,0.32310670067210184,0.16128455307711018,1.101560910895596
401,0.08508374679417008,-0.19398980200194815,0.618212560781079,0.4385990702403811,1.2264391605325857
402,-0.03793150969688297,-0.21081036196145353,-0.18433841185784375,-0.1799319034603181,0.9078638524924425
403,0.002700785740582523,-0.13944927876502133,0.09356207961422797,0.019367513152459364,1.0067647179202548
404,-0.05244242800872678,-0.23396825975623714,-0.29026131239853153,-0.2241433434747286,0.8740213117125843
405,0.013137631343348666,-0.2054364208734506,0.1619328147620542,0.06394986481701549,1.0331637908656781
406,0.05740368089146752,-0.2168787954793172,0.43522394570799755,0.26468092818664635,1.1497244012360441
407,0.09131922858493668,-0.18804985190133872,0.6344388272134301,0.48561180804783494,1.2441321990642185
408,0.1637003632788645,-0.17094280992253863,1.0606417211044168,0.9576323412084078,1.4607651252219072
409,0.03834134212856655,-0.2940544842774061,0.3123829904138066,0.1303885646321107,1.0986130991599137
410,-0.030848595231008136,-0.36498604936323575,-0.12533058360946686,-0.08451992969273046,0.9246635351373806
411,-0.09031847774632185,-0.4626936942831794,-0.5329084522959301,-0.1952014450645286,0.7892916393456633
412,-0.05782965009050145,-0.3740934281851004,-0.29356200641484886,-0.1545861160166853,0.8616530624570202
413,-0.06397674516997753,-0.3561131361242511,-0.3568343020672808,-0.1796528650031474,0.8476692385472321
414,0.0036225190108267746,-0.25451310166165875,0.1002301193062611,0.01423313372543953,1.0090796685967964
415,0.04852494196592194,-0.136714104181636,0.39072215433971375,0.3549373508782426,1.1257445982937113
416,-0.05691004448187309,-0.28916702083891277,-0.3094926006434557,-0.19680682920469053,0.8637568551873577
417,0.04893777639203134,-0.17551199598553846,0.3743902769839647,0.2788286698993705,1.1268528687867154
418,0.07827636768918289,-0.1352560103578887,0.5497595616399997,0.5787274626987952,1.2072967074340741
419,0.06378238271262116,-0.16716920747202457,0.46734050459070514,0.38154384815932685,1.167139572712466
420,0.08058117719931523,-0.1260532405598197,0.5897193345597921,0.639263035535169,1.213757641025219
421,0.14140452622130195,-0.12753295379565677,0.9439692020088425,1.1087685340360838,1.3918079677155846
422,0.10902821396902862,-0.13972780549983033,0.7814794850936896,0.7802900330325521,1.2952127363924617
423,0.11332271265540705,-0.14464014047067486,0.8005694787312834,0.7834803830156866,1.3077861014673229
424,0.06188903369256438,-0.1946361229822886,0.4720972397991155,0.3179730090400338,1.1619539439426336
425,0.06496707483719977,-0.1723310760860337,0.4902201304289547,0.3769898982396299,1.1703913338057856
426,-0.004627011828216454,-0.22707807053610296,0.044411311845650545,-0.020376304137571088,0.9884741506655518
427,-0.017900459275881575,-0.18539519345040623,-0.03862033670183646,-0.09655298469574403,0.9558537636050879
428,0.03990816078771631,-0.14718835239559558,0.3411883195557699,0.2711366771771168,1.1027616378894711
429,0.050153484125033954,-0.18325907555110865,0.4145440888947876,0.2736753089810648,1.1301202856808257
430,-0.06536450331565558,-0.26027261635479915,-0.3936534650171935,-0.25113861085774697,0.8445312513572296
431,-0.05799887496972922,-0.2512334911724826,-0.3296277320457219,-0.23085646224575407,0.8612662599532178
432,-0.060460537785920976,-0.25178433292886526,-0.35575424252028504,-0.24012827598372627,0.8556513385791471
433,-0.08602338586545799,-0.26453224889893256,-0.5475094003982145,-0.325190543774964,0.7986400370656561
434,-0.07792856782103341,-0.2777457449909949,-0.4738315119356528,-0.2805751995356761,0.8164384992409568
435,-0.061321347016535244,-0.2545040775283096,-0.3561805255453392,-0.24094445799091058,0.8536930762882242
436,0.11122509705349803,-0.10905531839982407,0.8180433598263595,1.0198961287309163,1.3016356313448827
437,0.05130593097402625,-0.15545077778224603,0.4107362828271801,0.33004615162424666,1.1332229203152275
438,0.16980568576295707,-0.15293224560205176,1.1367651920572293,1.1103327823015954,1.4799975929931752
439,0.07999908739894357,-0.1800783218691394,0.6100123531358631,0.4442460734228625,1.2121239509095563
440,0.1454189590303352,-0.1534744220378257,1.005127232710692,0.9475126675798452,1.4040763970774146
441,0.06771963555735105,-0.2607577525472864,0.4993864577028568,0.25970324907241493,1.1779675717274563
442,0.10344325047453817,-0.19118764729126947,0.7130588271711774,0.5410561400807712,1.2789700539042237
443,0.12860150712373075,-0.175240200888229,0.8657124470269217,0.7338584780883403,1.353111495549828
444,0.015753130371908952,-0.2033968453599524,0.17974634973636808,0.07745021976142531,1.0398437849511994
445,0.04251499512256429,-0.22058280060755187,0.36549114925148984,0.19273939312342175,1.1096846732692107
446,0.012350849132172659,-0.22785255811106397,0.15698454998164235,0.05420544423360121,1.0311593978354996
447,0.08295779473031017,-0.1785360301327662,0.5834677225117849,0.4646557597848434,1.2204415468652745
448,0.008283369717184907,-0.17030906358128117,0.13131241504682375,0.04863728061796084,1.0208343713971286
449,0.05318546499015997,-0.22083980105668366,0.4013916104632631,0.24083278800141958,1.1382939827235161
450,0.09011051825087812,-0.17586943996724658,0.614420793025487,0.5123716676851877,1.2406906279187335
451,-0.033942941865686915,-0.224763710698748,-0.11995797885051733,-0.151016112699709,0.9173014440365242
452,0.09437328846168325,-0.2215129866301827,0.6108636035246062,0.4260395288662693,1.2528535470371995
453,0.05245312487916909,-0.23471476464925922,0.38334728550596975,0.22347603465658092,1.1363164827595063
454,0.11585499271341004,-0.2217347770271254,0.7113253543799076,0.5224935585960753,1.315234249102672
455,0.044175712062013206,-0.2654054613738549,0.33106851544252647,0.16644613051042872,1.114108641765214
456,0.06061164778502581,-0.22771488169846898,0.41751573906017225,0.26617341533824457,1.1584631788731083
457,-0.1252430681138721,-0.3689996691567089,-0.6780216108362102,-0.3394124130249102,0.7157121166054111
458,-0.13314418507490677,-0.3906826228429602,-0.7674251630243214,-0.34079884102863145,0.6996621874738542
459,-0.0974633349028935,-0.3605794591303877,-0.5126497116822543,-0.27029641438241264,0.773886687884644
460,-0.07161108681174932,-0.2517120160215248,-0.34208070175761235,-0.28449609972384315,0.8304928685444358
461,0.12486746321074493,-0.2158168924570515,0.7392458704362644,0.5785805818494681,1.3419486538028158
462,0.10160142553661577,-0.26662796606966566,0.6275472956510094,0.3810606480419572,1.2736404426859982
463,0.14723342205520962,-0.2401572871124258,0.886487515004543,0.6130708079921167,1.4096427499549287
464,0.1282666646572166,-0.17463917848538568,0.7984756297160978,0.7344667202952418,1.3521082264839823
465,0.11891124115315188,-0.18453020440446422,0.7589517090391578,0.644399877716036,1.3242573532577093
466,0.10749596182192689,-0.1455275536513152,0.6653933762863492,0.7386639789155516,1.290744262193047
467,0.18663656895026937,-0.12638795310837436,1.0630287587456748,1.4766958745683094,1.5338005392966716
468,0.144451701514704,-0.15148751309552022,0.8783064425926276,0.95355517139964,1.4011144725078117
469,0.04914042092715598,-0.177098384515333,0.3723364622654228,0.27747526360355623,1.1273971155397438
470,-0.05824364615838029,-0.28688853469343656,-0.26810516704317905,-0.20301838210654988,0.860706963273318
471,-0.05752520250022486,-0.3482549979501123,-0.28079472320948257,-0.16518126900928318,0.8623492100364409
472,-0.12751196561117684,-0.3987151144062553,-0.7292519498879909,-0.3198072031983555,0.7110808337668206
473,-0.0737591266542924,-0.28822305418472705,-0.3744663599770358,-0.2559098780731778,0.8256980185336554
474,0.10735450515349831,-0.1726436459093149,0.7042561621653862,0.6218271433510433,1.2903322022147865
475,0.0612497396582965,-0.2121893427198298,0.44847836972900035,0.28865606006975253,1.1602061311725054
476,0.033233325174862216,-0.17522213857982027,0.2879807312024115,0.18966396280869033,1.0851534456382947
477,-0.06310207164147297,-0.32091099030069736,-0.3443349450251089,-0.1966341868888491,0.8496506312717668
478,-0.05336512266413229,-0.3093224405799353,-0.2704239441201952,-0.17252263548703523,0.8718954363067453
479,0.034665667442650205,-0.2345951230792055,0.3012350046323385,0.1477680651994891,1.0889176345734057
480,-0.06347139495743226,-0.28234708924124907,-0.35978584512011336,-0.2247991829063967,0.8488136668345431
481,-0.109207695446227,-0.37129097682124534,-0.6574462673214843,-0.2941296779716897,0.7489594924501107
482,-0.06681295883701,-0.33619290932935353,-0.31409314369226304,-0.1987339916546433,0.8412634598843469
483,-0.07678213522045974,-0.35592283601274965,-0.36696844595128697,-0.2157269145206218,0.818978259762705
484,-0.12731126723412722,-0.3702272740615269,-0.7507098284732264,-0.34387328042441784,0.7114897730314969
485,-0.11598684633189482,-0.3154438415086682,-0.6590848837029288,-0.3676941219621419,0.7347932216580503
486,-0.18642263797822511,-0.4382055967110564,-1.1276833524084977,-0.4254227681650271,0.5970735101902903
487,-0.07545121877424232,-0.27840242855691166,-0.36893942674431707,-0.2710149446804068,0.821932656610508
488,-0.14364618707281962,-0.41695905816084733,-0.8197720830468952,-0.3445090933062456,0.6786660707375097
489,-0.1340238059977854,-0.4239972438806807,-0.7254691808794711,-0.3160959367827913,0.6978888674056494
490,-0.06625535692249762,-0.3317420948823674,-0.30968066626862506,-0.19971947469009366,0.8425205392369689
491,-0.12035375194052256,-0.33255565659282504,-0.6141728561059889,-0.36190559250622356,0.7257535956194278
492,-0.03382781325205475,-0.2732659290664068,-0.10912386990975388,-0.12379081932250031,0.9175747266074932
493,-0.027394523566467655,-0.27684059516854087,-0.06366271140371378,-0.09895414200287295,0.9329232251209901
494,-0.029845333635805216,-0.21588935745719262,-0.09426073517168135,-0.13824365400560823,0.9270580849595661
495,-0.10579729478429134,-0.2846721221038403,-0.6072562385253888,-0.37164613802857555,0.7561475835838958
496,-0.13746049997702448,-0.38668158816112097,-0.820714025929201,-0.35548757475297216,0.6909863373059296
497,-0.07216349342863304,-0.36031276191311623,-0.37915138029042583,-0.20028014840627303,0.8292581965482494
498,0.0025643833792186044,-0.3143910980883393,0.09737416166677391,0.008156666632138706,1.0064224117140883
499,-0.06759077329756902,-0.23903363481814754,-0.3597992811979091,-0.28276678865294774,0.8395118055105077
500,0.012127980494206714,-0.23541186192300068,0.15511614166800733,0.05151813674611509,1.0305920458613385
501,0.01060870523384505,-0.21315899177496,0.14616545342431936,0.049768978289431304,1.0267294488279768
502,0.07826330794339809,-0.14438763812749333,0.5384876681878009,0.5420360701121248,1.207260156770895
503,0.017543129523171386,-0.1899151481779634,0.18774665077627214,0.09237351360057008,1.0444303437472753
504,-0.09525058543906118,-0.2592607005386216,-0.4866338708571771,-0.36739307284588574,0.7786381065501734
505,-0.07391501075215379,-0.31347959289184024,-0.4083533871923095,-0.23578890756584803,0.8253507024781103
506,-0.12447214496785353,-0.34036242677421,-0.7612257315273989,-0.3657047170204424,0.7172898352378898
507,-0.12534382461039084,-0.3419271798252259,-0.7901642581132121,-0.36658046509920506,0.7155060692341552
508,-0.08339329148290608,-0.3102135296705423,-0.46977737368805983,-0.2688254492686786,0.8043971455449279
509,0.033345921154803504,-0.3115105728602964,0.28822693953401635,0.10704587278890916,1.0854490641817547
510,-0.011924498775551129,-0.3237188784864957,0.0038652808895444225,-0.03683596962680251,0.9704588197059648
511,-0.11899995870899127,-0.3967810066536669,-0.7589515061813117,-0.29991344523418995,0.7285488095290211
512,-0.11045024095567602,-0.3754817609999318,-0.7155349984270147,-0.29415607474925015,0.7463508151378575
513,-0.12316482355041636,-0.3922305764727968,-0.8399462207949551,-0.3140112753523653,0.7199700755549854
514,-0.11398190902033689,-0.36240560763842455,-0.7965690570171712,-0.3145147498215803,0.738966006393869
515,-0.10374722104660039,-0.2936211843535059,-0.6918977858433512,-0.35333697490196647,0.7604883543751542
516,-0.07835299370387994,-0.3417448538286474,-0.4741608413446661,-0.229273368204592,0.8154994434087218
517,-0.12335684755206666,-0.3897304551077271,-0.8474304611699077,-0.31651836784982346,0.7195760165723796
518,-0.161326318465434,-0.39129196598034754,-1.1769358400891832,-0.41229141534057595,0.6441821482966126
519,-0.11054259900446262,-0.35564566942136844,-0.7496230377850801,-0.31082228326950867,0.7461571309102548
520,-0.14188518713772458,-0.3544217196352789,-0.9782757936826962,-0.4003287024388147,0.6821599843691153
521,-0.13707707068812935,-0.3531815157046623,-0.8598314229065223,-0.3881207384668343,0.6917544077484618
522,-0.1318800295337913,-0.3310130976110942,-0.8376082521717159,-0.39841332710265304,0.7022154610797219
523,-0.11716050725247285,-0.30753409802250586,-0.7619441716602962,-0.3809675350012695,0.7323571102436556
524,-0.0915996192442835,-0.2306011538943037,-0.5603358006106847,-0.39722099259862464,0.7865159744994388
525,0.011564915436440115,-0.18007321779314334,0.15160486530110745,0.06422340633533385,1.0291594974709821
526,-0.03551885618716444,-0.22992106374131271,-0.18499017263340664,-0.1544828281897964,0.9135655800900616
527,-0.17103847750227918,-0.3815928680483035,-1.224106702452321,-0.44822241667427726,0.6256966237678261
528,-0.17142881695315604,-0.41872328694319305,-1.2245010482651246,-0.40940836657220187,0.6249604182231181
529,-0.13591514733029586,-0.3410203797485878,-0.9705291973267333,-0.398554325200439,0.6940850537835722
530,-0.10665105297195265,-0.3019342891643587,-0.753758469137821,-0.35322603890774684,0.7543442542621012
531,-0.12465424320566565,-0.32960857001751764,-0.9187450175205648,-0.37818872002946,0.7169169774045415
532,-0.11667869282136867,-0.33611210201722996,-0.795059459970677,-0.3471421948840968,0.7333566019840576
533,-0.10101532121571355,-0.2803943969534164,-0.6670502657502244,-0.36026155412975613,0.7662959900131051
534,-0.1803524600934029,-0.40612308988246437,-1.2928503056993181,-0.444083246154752,0.6082714164402319
535,-0.14104223993998055,-0.3500105453292648,-1.015459596262111,-0.4029656872403605,0.6838362451747372
536,-0.18207502576623036,-0.42734462064958034,-1.330614793163578,-0.4260613494782485,0.6050810399670468
537,-0.16342727954656322,-0.40847416285466087,-1.1556576034431931,-0.4000920851503459,0.6401559234175037
538,-0.15970705255753204,-0.5146882723317157,-1.0179343091460555,-0.3102986043066494,0.6472956053821088
539,-0.14329564588269672,-0.4271867770416228,-0.9066518879861802,-0.3354402654385877,0.6793607043601952
540,-0.1749616385518079,-0.45586240930864086,-1.2085419006593818,-0.3838036104296339,0.6183209203417268
541,-0.13607647322955552,-0.4118581595398011,-0.8885578093172475,-0.3303964485773539,0.6937611767543914
542,-0.1504200510784126,-0.38370212313577445,-0.9779210751081264,-0.39202298347769604,0.66532656397254
543,-0.09715603857165467,-0.3553102108299141,-0.580002026412921,-0.27344004087223645,0.7745454996083962
544,-0.043213861204001947,-0.34965242229194826,-0.20144244223561242,-0.12359091042681179,0.8954549739096611
545,-0.03974887110796699,-0.28012141534365687,-0.19272991922719526,-0.1418987229491273,0.9035830893805885
546,-0.04191411086301078,-0.3030286336861112,-0.22218140707818376,-0.13831732781538736,0.8984987424359758
547,-0.04982703460281168,-0.27180605135821145,-0.2728154586193928,-0.18331834171397807,0.8800640294369578
548,0.08544358129192742,-0.21508457010896997,0.6423781281751489,0.3972557457219663,1.227456050784847
549,-0.022475477029472057,-0.22295334128618471,-0.08253419557691538,-0.1008079847550809,0.944762250012861
550,0.07727586392195707,-0.19433905418688846,0.570417924070659,0.39763424930350755,1.204498492995085
551,0.026215037413207076,-0.22452402779432346,0.24824389005370087,0.11675827157893993,1.0668223101382739
552,0.02414656658741543,-0.23081924875291526,0.23056728702148338,0.10461244769609128,1.0614553668159188
553,0.07360975423092575,-0.20109694227499542,0.5310838403767573,0.3660411411440862,1.194278364987833
554,-0.020736907197747234,-0.18043507175539586,-0.06545385738656939,-0.11492725331059206,0.9489680297543189
555,-0.0012527566505898813,-0.23427426884947455,0.06672129624358009,-0.005347393278579817,0.9968714780417175
556,-0.03704004193250121,-0.18128916225053382,-0.19017824569150832,-0.20431470625537707,0.9099681281014419
557,0.03893163045829873,-0.13134035417966938,0.3422194748952562,0.29641788848111,1.1001749317555656
558,-0.011277102899987956,-0.21128450639432883,-0.0037419830875886893,-0.053374017302248576,0.9720490162255008
559,-0.01981030181790322,-0.14894604824126012,-0.05913164298264082,-0.13300320519960926,0.9512141636407238
560,-0.005384236123856967,-0.16364492522944807,0.03740448964123644,-0.03290194374379578,0.9865955399918137
561,-0.01788074233058823,-0.1624666995220494,-0.05006764057453734,-0.11005789114440352,0.9559017328264103
562,-0.040657958107175096,-0.1945479678860108,-0.20639941009657936,-0.20898680438028186,0.9014463039603903
563,-0.0837771591890667,-0.2964510150209291,-0.5221945086909038,-0.2826003452312421,0.8035553371940934
564,-0.0864564383330706,-0.29167951462769437,-0.5880435371233415,-0.2964090174225137,0.7976944908627183
565,-0.09757627783046985,-0.3842257837272174,-0.6490675746252846,-0.25395556977962863,0.7736446343863523
566,-0.10922445440135486,-0.3441693084024213,-0.8088436424114415,-0.3173567535942041,0.7489242713239985
567,-0.10668666444885166,-0.36514966851026465,-0.747294602586096,-0.2921724258551603,0.7542690909318925
568,-0.12096396114368102,-0.34148911624836475,-0.8210659015400001,-0.3542249383306964,0.7244957871501829
569,-0.15142737258619277,-0.3966104026078626,-1.0201490525099115,-0.3818038346712563,0.6633564422273506
570,-0.1283073285447679,-0.3498229246052439,-0.8207682574896408,-0.36677793111916757,0.7094616040071814
571,-0.11169512231688827,-0.314914146214188,-0.7053527973518574,-0.35468435972043993,0.7437427080266297
572,-0.17805632144774963,-0.40644579146502624,-1.1722435788733432,-0.43808135103564233,0.6125397726475681
573,-0.16637210545316317,-0.37663642689314025,-1.0624829554390927,-0.44173131851733094,0.6345380093030003
574,-0.14389489286397206,-0.3299588822327084,-0.9395501923161427,-0.43609946757695717,0.6781734930092943
575,-0.009015044729051347,-0.18141969897237686,0.018174732660200536,-0.04969165300193771,0.9776175719948004
576,0.012827752111374657,-0.20318317752368398,0.15909657849144454,0.06313392805307119,1.0323740690320333
577,-0.04825809752124133,-0.20426255129097493,-0.24760839588989814,-0.23625523727301817,0.8837009616631748
578,-0.06226105319814601,-0.16798400385596401,-0.35413157111374516,-0.3706367973675103,0.8515584031586977
579,0.019247988736160293,-0.17865804430205812,0.1976722144229156,0.10773647954870487,1.0488100113199308
580,0.05218765866584829,-0.1523159615079861,0.3859861574473813,0.3426276415759095,1.1356001674911
581,0.031169272502001633,-0.14324319832850507,0.2666494773976898,0.21759687626158664,1.0797428724723253
582,-0.0006185144691129851,-0.23455739474158588,0.08249053407486441,-0.002636942952893932,0.9984546424668395
583,0.024727342831774912,-0.18023498344060207,0.22802632241369394,0.13719502373923992,1.0629606342558129
584,0.02440913760514274,-0.1726062417452079,0.23078798894454772,0.14141515021904136,1.0621357451087117
585,0.0007810452634695597,-0.2469070621438051,0.08576505331777556,0.003163316823293854,1.0019534894011601
586,0.06385545884078359,-0.23659703108477947,0.4545195462227433,0.26989120931911587,1.1673399961249196
587,0.03388369861440199,-0.30552108395768396,0.2818170177294743,0.11090461638678605,1.0868616548174241
588,0.06411919330096039,-0.2544571868168828,0.4517233263807901,0.25198421040119034,1.1680635033907891
589,0.007154283765727021,-0.23808858949070155,0.1242736775632854,0.03004883090378604,1.0179793097542496
590,-0.12390702975594359,-0.3408915006081362,-0.7658807977379697,-0.36347937550481196,0.7184476855630735
591,-0.105639690486937,-0.3545314097408935,-0.6643741399766899,-0.2979699050195382,0.7564807617939969
592,-0.0755136307240426,-0.2554766378625013,-0.39551787528574806,-0.2955793976147611,0.8217939705774812
593,-0.04327367990388564,-0.2777910272761047,-0.19302748713305126,-0.15577781733343984,0.8953150390099118
594,-0.06039834429159374,-0.2458924525822629,-0.3187541994011766,-0.24562911003292215,0.8557929273708154
595,-0.10154241788105034,-0.2793082869767405,-0.639388971029187,-0.3635496067093288,0.7651733923690017
596,-0.13627978196141133,-0.34202776258243794,-0.9327119298568148,-0.39844654987199823,0.6933531443660865
597,-0.12503792129648228,-0.3496111376642693,-0.8632258120258627,-0.35764856386399185,0.7161317525488766
598,-0.062169853474393744,-0.2790549073151948,-0.3816066114668807,-0.2227871714299308,0.8517654355178446
599,-0.004796992102372055,-0.2042145327555267,0.037619541925658286,-0.02348996439011872,0.9880522570714538
600,0.029158086439632136,-0.20392978739367273,0.2746029784963573,0.14298100739616038,1.074486479945576
601,-0.11012589502506875,-0.3913035848548747,-0.6918348240901439,-0.2814333915849809,0.7470312405093322
602,-0.09227504232541817,-0.3585643401565278,-0.5719729452866239,-0.25734584282736084,0.7850549936433694
603,-0.09034626291631165,-0.3434491902093856,-0.5749673211354186,-0.2630556876876943,0.7892313789756855
604,0.017619242904604926,-0.1903789572981397,0.1929182779961974,0.0925482687512182,1.0446256394028364
605,-0.016326331419575846,-0.29648007808955756,-0.03696969284622104,-0.05506721235631947,0.9596879946753045
606,0.014759433061409144,-0.2361072228066975,0.17279026447743107,0.0625115694723697,1.0373028358955223
607,-0.0014402335849346137,-0.19242427625083558,0.06289959540533045,-0.007484677157144093,0.9964037958398027
608,-0.061787391930815505,-0.25341562229071024,-0.33653998232341464,-0.24381840145567268,0.8526339897529701
609,-0.03842395084856498,-0.2497454410015092,-0.18110386875904286,-0.15385246150832754,0.9067027169398353
610,-0.09313641426742914,-0.3057084986807006,-0.5520636106508631,-0.30465758940089566,0.7831941580711319
611,-2.597895574663056e-06,-0.2252008022256189,0.07298057549706909,-1.1535907283582131e-05,0.9999935061627946
612,-0.12266989209579848,-0.4314378431002789,-0.7775654637807231,-0.2843280765875848,0.7209863380083718
613,-0.08644145819878679,-0.33102936617519896,-0.5169987824087723,-0.2611292744131867,0.7977271879397706
614,-0.09468952177185985,-0.3159118341969921,-0.5971367505545763,-0.2997340128537718,0.7798456477577557
615,-0.08747240928759925,-0.268102759038111,-0.5512624820981201,-0.32626448754734744,0.7954788113896085
616,-0.021798191265343103,-0.2351447276679135,-0.06684961632334363,-0.09270116953728987,0.946399341555826
617,-0.03755699334717233,-0.31047458026018815,-0.1716781253821725,-0.12096640348365494,0.9087475280175682
618,-0.046971036290305634,-0.30612396354243165,-0.22988787802056732,-0.15343795940298874,0.886691202398706
619,-0.14756920041563093,-0.37822568646451904,-0.9329315206935156,-0.39016176239916545,0.6709212743168387
620,-0.18639683650108507,-0.41849451089041123,-1.3058137838355868,-0.44539852172612066,0.5971208432303
621,-0.19709032010278893,-0.45572418749515076,-1.310530910160414,-0.43247719895246095,0.5776960001352994
622,-0.06652238340015482,-0.25503016908700593,-0.38127896694346936,-0.26084123160134864,0.8419184038905696
623,-0.035343214020595815,-0.2484068370639264,-0.14866988434019598,-0.14227955413119484,0.9139815047086962
624,-0.06894835047017545,-0.30916080374144017,-0.37334718792710114,-0.22301776174653395,0.8364597597318667
625,-0.0908805174645464,-0.3513707431227773,-0.5210155660898413,-0.25864565916004734,0.7880732265102534
626,-0.08206881134771271,-0.3317081395789603,-0.45767501060372695,-0.24741271483986885,0.8073057448971878
627,-0.0626684874586767,-0.29805923056678507,-0.34064573901767004,-0.21025514740646423,0.8506338559711955
628,-0.12085714257241653,-0.378953592485462,-0.7486160898039246,-0.3189233324844467,0.7247158750024506
629,-0.0829447158990071,-0.293417080069992,-0.47851007437417103,-0.28268537018779333,0.8053815260956756
630,-0.013617604528755045,-0.2248952620599819,-0.00014418968029286612,-0.06055087334442417,0.9663074308891244
631,0.06068979239278538,-0.16639802777235813,0.44774531184632754,0.3647266329130561,1.1586765469307259
632,0.020474125285659506,-0.1827171369027758,0.20735347518695899,0.11205366739384623,1.0519666727294117
633,0.044511766476342585,-0.17949338423463834,0.36146677479206213,0.2479855548222082,1.115005138911306
634,0.03431597353374549,-0.21013552969465077,0.29358597561686306,0.16330400472309584,1.087997918991885
635,0.05321455532738706,-0.17053772448920135,0.41306024159902854,0.31203978759993756,1.1383725764510175
636,0.08884714484740508,-0.14759418924345058,0.6421384425281347,0.6019691242780253,1.2370995257751105
637,0.046242802402827854,-0.1637056429977387,0.3823742259253927,0.2824753109058471,1.1196299038509618
638,-0.06885913897817653,-0.25173461557708054,-0.418043190566539,-0.27353861851824673,0.8366601164165419
639,-0.05434574900496325,-0.2042969534760548,-0.31652549251028983,-0.2660135067130749,0.8696394908346334
640,0.015150939523242979,-0.17868137364401449,0.17724786557035221,0.08479305489014248,1.0383034983009456
641,-0.012884708003791379,-0.1663405149442445,-0.020852540811593802,-0.077459829964517,0.9681031365213466
642,-0.12494064248555026,-0.35735751463752796,-0.87423233808771,-0.34962366081004076,0.716330791791547
643,-0.14892970368579472,-0.3935057682522056,-1.0501066792113862,-0.3784689214272019,0.6682478206658227
644,-0.1386392462018351,-0.3740825341093662,-0.9063194036021867,-0.3706113853508668,0.6886283243874853
645,-0.13300241224807308,-0.40870116467151163,-0.8322536209035779,-0.32542704485555374,0.6999482548586597
646,-0.037103342674287054,-0.22539579440770008,-0.16927264860381663,-0.1646141746867461,0.909818612711422
647,-0.01929021261798536,-0.28468888944613635,-0.06013490442845382,-0.06775892327766835,0.9524762798140788
648,-0.011342979571382084,-0.26985455602681063,-0.002598680794516077,-0.04203367820943936,0.9718871321699751
649,0.06897371698465893,-0.25102814613961955,0.5268981928685166,0.27476487415995327,1.1814290753169792
650,0.06489350461245169,-0.23104852268929943,0.501404517409281,0.28086526525736194,1.1701892390447506
651,-0.013133619628996951,-0.28701617037902194,-0.016069694834614335,-0.045759162668964695,0.9674930416683716
652,0.05459767751549682,-0.20907027655562815,0.4312454020337567,0.26114509635218186,1.1421131328609984
653,0.032135085604934055,-0.18884754555939864,0.2860602525293726,0.17016416872003526,1.0822725722122384
654,0.1402910469291052,-0.11651683376798228,0.9761205648914979,1.2040410161544903,1.3884165234710724
655,0.07894887822516305,-0.15558591538917066,0.5872024156213311,0.5074294676846962,1.209179778242866
656,0.16488463905053496,-0.09070526999701278,1.0957417418348896,1.8178066065617262,1.4644839349068948
657,0.07765774681250237,-0.11352891192050707,0.5724375413689959,0.6840349783928019,1.205566085497406
658,0.03175733577680062,-0.1468302862596963,0.2856492234706528,0.21628600328839478,1.0812827305088777
659,0.030299621421212564,-0.15702960025032608,0.27852615153720023,0.19295484018879838,1.077468082579998
660,0.06982376783014965,-0.12095794265607307,0.528366146781392,0.5772565761033464,1.1837788433769691
661,0.029530914723019164,-0.13856909991790967,0.26747968331103544,0.21311327518554787,1.0754597340191665
662,0.10184539382463242,-0.15648308136945366,0.6958093542616917,0.6508396494581886,1.274345636347348
663,-0.006770918985065433,-0.2906187908614112,0.03666619302413775,-0.023298283517717594,0.9831608514159643
664,-0.03577673624919908,-0.32757316928735825,-0.1322132987346067,-0.10921754161683041,0.9129551200640003
665,-0.029795752105430062,-0.25233274049418386,-0.10273437562887283,-0.11808119725992053,0.9271765207851796
666,-0.010096886422226725,-0.274063949525152,0.00870108005359762,-0.03684135195351584,0.9749519987429255
667,0.02012706189620017,-0.2605674663531027,0.20650553688123593,0.07724318840681896,1.0510725881999303
668,-0.01722755593788683,-0.23268864313394544,-0.05324938936580271,-0.0740369435562436,0.9574916820474629
669,0.01869983657270624,-0.19531166553995793,0.20156479155292636,0.09574357231048508,1.0474006462812253
670,-0.026634299965266672,-0.2604667161676022,-0.11678470615220166,-0.10225605926604585,0.9347470603117506
671,0.011835062176581479,-0.20190231862679497,0.15342459604400852,0.05861776257487128,1.0298466547860408
672,0.11302162020829543,-0.15951402529177128,0.7710799378749368,0.7085371960337946,1.306902191587159
673,0.0503735798704974,-0.13760636567761042,0.38727076254292475,0.3660701278058211,1.130712436508883
674,-0.0200395318840354,-0.1942531412226367,-0.05224853326952767,-0.10316194506768755,0.950658202871903
675,0.06746307382618877,-0.13069902123974908,0.5148792950707071,0.5161712244381478,1.1772601632136823
676,0.10713833365656811,-0.12189310030751943,0.7630667733204035,0.8789532252955492,1.2897026521565782
677,0.1121179102523635,-0.1359887229482587,0.7509246104772122,0.8244647631187947,1.3042513446344082
678,0.09961149161478877,-0.1330965641732338,0.6838758408253964,0.7484151993971683,1.2678972539263131
679,0.031158008255279812,-0.17253642842386496,0.2724579290861095,0.18058799837176928,1.0797133896175863
680,0.03071315649566131,-0.22480587645009875,0.2698118222578169,0.13662079025980825,1.0785494280678585
681,0.06274051693735005,-0.14991734512001953,0.4728053638707574,0.4185007204277917,1.164284328084946
682,0.04171168862817831,-0.19266029980371702,0.3416434898448106,0.21650380836464142,1.10754854099301
683,0.04471146501107537,-0.16931176905880685,0.35725092222884786,0.2640777145004361,1.1155380824740662
684,0.1501578798322818,-0.11368923910014461,0.9876799757746361,1.3207747806282115,1.4186421354895662
685,0.1365532014314934,-0.11067849886165648,0.9292699721745785,1.2337825579128898,1.3770680416248433
686,0.08265014295631712,-0.15623238668897554,0.6156148398250076,0.5290205488626084,1.2195750780993755
687,0.09556217644821197,-0.19970738376934505,0.6900580431842204,0.47851098264139746,1.256258491282615
688,0.09250334955791373,-0.2089807844171383,0.6522542434569423,0.4426404552739712,1.2475093044037038
689,-0.0036918683568127886,-0.28463566497475823,0.05331136660896805,-0.01297050514432261,0.9907971235844416
690,0.011353809650920033,-0.19354866620537947,0.15029634680022486,0.05866126526995651,1.028622710885822
691,0.023878316182478487,-0.2125990533795601,0.2359443859065203,0.11231619239549362,1.0607605420926864
692,0.032147758233268764,-0.2207048400551831,0.2846168446040189,0.1456595071736117,1.08230578852034
693,0.09847303536507357,-0.1649535891258267,0.6677352683641206,0.5969741906613398,1.264618532892277
694,0.14242675240110936,-0.13194665216863832,0.8761628062848171,1.0794267990905646,1.3949258439405572
695,0.09116329172265791,-0.15896566950222746,0.6156739844629695,0.573477858509447,1.24368787735365
696,-0.018175708677448554,-0.1750063332188101,-0.035377857343600355,-0.10385743386054207,0.9551842620196124
697,0.04888310926003747,-0.14377347330171786,0.3835586614167335,0.34000089263652367,1.1267060751062123
698,-0.027030788860627375,-0.2261243968158817,-0.09150251165491388,-0.11953946253148783,0.933795586166562
699,-0.06536892041581943,-0.2876573216337812,-0.33865276665018995,-0.2272458077706818,0.8445212745928562
700,-0.08428728882517,-0.33450810425945554,-0.4536650868197023,-0.25197383188000133,0.8024374590876001
701,-0.026566096331033462,-0.2563023280062313,-0.08181542493883286,-0.10365140472070772,0.9349107905738406
702,-0.0026996986784775245,-0.17232412261282593,0.062302615935391145,-0.015666400255193225,0.9932653317919196
703,-0.049701645499524494,-0.29927792368409545,-0.23580177930047616,-0.16607187355385208,0.8803543614485022
704,-0.1533173275043288,-0.40654233491955216,-0.8950749673095212,-0.3771251216301193,0.6596695171833896
705,-0.12192280423502944,-0.35661622325009346,-0.7172668222690511,-0.34188799130858805,0.7225219924088595
706,-0.11249679988643901,-0.3808446628286857,-0.6358096841959354,-0.29538762352839676,0.7420660402629599
707,-0.08609676964370627,-0.31575426558912045,-0.4663463008389574,-0.27267017116323256,0.7984797603372675
708,-0.1458557585592679,-0.37221920092302263,-0.8755455725583938,-0.3918544723044307,0.6742973848097844
709,-0.13364263049422453,-0.37673604456594634,-0.8318336127260358,-0.3547381048930423,0.6986569875930326
710,-0.08237277675071608,-0.2880255031963822,-0.5119342478835711,-0.2859912606230306,0.8066376705705315
711,-0.15472278376072734,-0.3712618695000126,-0.952450653222344,-0.416748382938157,0.6569357414498849
712,-0.0820862265773018,-0.2520032594071485,-0.4555174875076361,-0.32573478125010824,0.8072674596464517
713,-0.15828812361460887,-0.38734324940755116,-1.0080366865548311,-0.4086507867549352,0.6500312699004842
714,-0.06616595510694412,-0.22964417562801598,-0.36502080058808256,-0.28812381122228664,0.8427221949097696
715,-0.05809555948280121,-0.22865740056268202,-0.2932916050271623,-0.25407250908931517,0.8610453119629047
716,-0.04005743450934807,-0.228554271839844,-0.17810413748529036,-0.1752644314494271,0.9028574788360952
717,-0.02900546393587733,-0.2556860796503897,-0.10660411966985116,-0.11344170154095881,0.9290655144451537
718,-0.014525559005823752,-0.2858291543204715,-0.012807472022877683,-0.050819025233296185,0.9640855804460078
719,-0.12231597365790836,-0.4101413205461554,-0.7318032706033858,-0.29822884827851304,0.7217135802539775
720,-0.18645482950776882,-0.4432883865895615,-1.1370293672281082,-0.4206174471256934,0.5970144576985165
721,-0.14039782335546358,-0.3597443654900063,-0.8371884633889576,-0.3902710836463784,0.6851193786694134
722,-0.171289886214664,-0.3942975555035676,-1.093590753774321,-0.43441782436592913,0.6252223910131786
723,-0.17322900749836578,-0.40456425466506274,-1.1077564675748615,-0.4281866366117329,0.6215718683490891
724,-0.16272759525785585,-0.38392132881792673,-1.0309189181199405,-0.4238566160387219,0.6414950975693974
725,-0.111858731292941,-0.3513991977866032,-0.6564747449071424,-0.318323809495064,0.7434003438047798
726,-0.2151560936440131,-0.4921966026254234,-1.4013818048091673,-0.4371344550050733,0.5457506167745642
727,-0.15284686164579298,-0.3843455658576682,-0.8878299380019824,-0.3976808248189745,0.6605861498630606
728,-0.18835740535114454,-0.439817427342597,-1.1842553644592773,-0.4282627145750253,0.5935305730070892
729,-0.1870435538982408,-0.43888463754457296,-1.1764067501886863,-0.4261793143289157,0.5959351132350142
730,-0.14576801816745366,-0.38036467991035694,-0.8666759901759961,-0.3832322659449026,0.6744705393291376
731,-0.10025830985287398,-0.3944825345689916,-0.5537339674306532,-0.2541514542904045,0.7679099820374853
732,-0.10808862331892055,-0.3975023733787214,-0.6320093254212148,-0.2719194413864262,0.7513136173253666
733,-0.09058995612014054,-0.3180661543644938,-0.5027972408894763,-0.2848148250829835,0.7887029763560397
734,-0.07849460273167208,-0.33816664253034856,-0.4147589977443905,-0.232118112373037,0.8151862731508998
735,-0.15323877545845654,-0.3750989740550733,-1.0085551204901189,-0.4085289111880042,0.6598225110460348
736,-0.1513049995485517,-0.35875638487815975,-1.0253613031336004,-0.421748590202618,0.6635955926685215
737,-0.11069926983464606,-0.36048434363236015,-0.6968073822604743,-0.3070848201594649,0.7458286452041613
738,-0.1299572128001143,-0.3224220520148837,-0.8085880273525061,-0.40306552231146764,0.7061097667303866
739,-0.17054278368340658,-0.39715392416653317,-1.1641201547336695,-0.42941230919802065,0.6266322840571354
740,-0.14363826741497732,-0.38218731209116164,-0.9223704109166433,-0.3758321191487274,0.6786817596516139
741,-0.10887505430208966,-0.3483637143209173,-0.6948816397198944,-0.3125327059803723,0.7496587867458218
742,-0.10419030834296539,-0.2758663852036216,-0.6637398180263574,-0.37768395836288926,0.759548910378847
743,-0.11273134262890949,-0.2758297549239115,-0.6893651484343155,-0.4086989913760638,0.7415759352810535
744,-0.15961376712627706,-0.4054742889238363,-1.0765156624016707,-0.39364707328276166,0.6474752451426358
745,-0.16360978267028126,-0.4043944367866815,-1.0273257594616991,-0.40457970680883915,0.6398068941225462
746,-0.16762700891643956,-0.41938015768423687,-1.1032135461815868,-0.39970181193610654,0.6321530228987319
747,-0.169454978696703,-0.42203279038320807,-1.0890117046440742,-0.40152088311156336,0.6286885407652223
748,-0.052093063344818,-0.27024755199091566,-0.23807616637494586,-0.19276053737045176,0.8748270537126582
749,-0.049095033446648784,-0.3293397488670575,-0.20831881000331967,-0.14907108423911097,0.8817597518272507
750,0.04397756365191041,-0.2602139107310051,0.3453324923046006,0.16900542914237976,1.1135802411655202
751,-0.087469827839041,-0.3367602672869412,-0.4905674647858813,-0.2597391567114749,0.7954844364548115
752,-0.08818494562861168,-0.32658368702095175,-0.5224203746782864,-0.2700225061239946,0.7939270824302327
753,-0.12366435215684257,-0.3731279029901807,-0.8175761087355464,-0.33142617093446625,0.7189452454906174
754,-0.12030726323253271,-0.38879398158076006,-0.7907188175200338,-0.3094370513231377,0.7258494752563805
755,-0.19849336151825114,-0.5214293549413203,-1.3888821035893628,-0.3806716281644497,0.5751759194052573
756,-0.177547319703373,-0.472488391334036,-1.1763974960475077,-0.3757707553450812,0.6134883957404196
757,-0.15892824117769166,-0.4142971228066238,-1.0684703262944253,-0.38360932873741577,0.6487962800219262
758,-0.17594986956106828,-0.39591089308688965,-1.2466120671423377,-0.4444178542024934,0.6164712741105497
759,-0.14024491831902575,-0.42074928078495977,-0.9405716656140773,-0.3333218254286294,0.6854240481921375
760,-0.08987351675146893,-0.28241331268667524,-0.559976788452054,-0.3182339950495872,0.7902570451264097
761,-0.05234175160542198,-0.22115384523902326,-0.2724392317152249,-0.23667574736876482,0.8742534566726067
762,-0.07606236655919019,-0.2911853968317407,-0.4495909280350531,-0.2612162814028145,0.8205752251479239
763,0.04074276273336319,-0.18351372704635494,0.3384930973275553,0.2220147963267713,1.104975282612676
764,0.014790066446590977,-0.2023469291317621,0.17277275356129815,0.07309261628062633,1.0373811117546967
765,0.019731990176424574,-0.16301404282036813,0.2040155944992594,0.12104472617839473,1.0500553824381673
766,-0.07835645371784239,-0.2905295482696765,-0.4798976177716848,-0.26970218411350727,0.8154917906814897
767,-0.07189112858845459,-0.3014487726800984,-0.40962517197834436,-0.23848539156185733,0.8298668155397992
768,-0.15358993282164057,-0.3963719679732941,-1.0187371209617055,-0.38748939186332376,0.6591387356988311
769,-0.14890274036895823,-0.3585284723840243,-1.0428366577324437,-0.4153163607309454,0.6683007426724363
770,-0.16876710714361354,-0.4241729589877803,-1.1416764434101816,-0.39787332871559933,0.6299908974011529
771,-0.14529099651729216,-0.39522814842355636,-1.027954290897701,-0.36761297771126195,0.6754124020934278
772,-0.08149107058653426,-0.3051267973570251,-0.5202471416936891,-0.26707280806668243,0.8085764547935861
773,-0.06346794371979603,-0.26182359840457026,-0.3837014723116021,-0.24240727003425128,0.8488214857754973
774,-0.03110003313137366,-0.25112908052459226,-0.14204332229369288,-0.12384082745975783,0.9240639941135104
775,-0.08874926085348378,-0.31573277712196834,-0.5441955312803215,-0.281089792648293,0.7926994323039878
776,-0.10417681067948625,-0.39864366490644687,-0.6663104043026826,-0.26132814804402904,0.7595775181513928
777,-0.07463230818534783,-0.36216560417554156,-0.4494135495935315,-0.20607232527021968,0.823753664512889
778,-0.06846349123897688,-0.35393899324028266,-0.41373544691066994,-0.1934330281391129,0.8375490335559059
779,0.033996137795665904,-0.25204651525034005,0.30531916542175186,0.13488041190293756,1.0871571403494305
780,-0.06999926480301522,-0.3353274686196007,-0.438655514558213,-0.20874897332798933,0.834101717979355
781,-0.047002027004092284,-0.2574874599123247,-0.25525587105176034,-0.1825410333384648,0.886619130188181
782,-0.08512103678629612,-0.3877681589147429,-0.4956922769036548,-0.21951528208124832,0.8006124260330636
783,-0.09942410626026432,-0.48082649286535817,-0.5578275692731206,-0.20677751275262035,0.7696909124295248
784,-0.07351111892786422,-0.3738261452499312,-0.40931673762835763,-0.19664520489522327,0.8262507704463108
785,-0.1094039688394246,-0.466413855064887,-0.7078667011289225,-0.23456414866621927,0.748547060689953
786,-0.1054242605154021,-0.37499709280569116,-0.7192053513474514,-0.2811335408672857,0.75693632693346
787,-0.14457634490220606,-0.4332737890677565,-0.9519335071086528,-0.3336835704123261,0.676824932877737
788,-0.12103044248813322,-0.4176484803847451,-0.7503665932251405,-0.2897902139537006,0.724358829939862
789,-0.16001227541585328,-0.5280610810146741,-0.9799264282578589,-0.3030184976108981,0.6467080466930534
790,-0.1244070587525955,-0.4637789024094069,-0.7016706617370105,-0.268246481472703,0.7174231316585867
791,-0.07498608058070788,-0.40802977691208664,-0.3718519223675964,-0.18377600073257458,0.8229666857441301
792,-0.039172514394968494,-0.2714987062869606,-0.1504543560979972,-0.1442825084903539,0.9049393732925238
793,-0.03855732901393727,-0.310928436735472,-0.15039064649038397,-0.12400708477732648,0.9063883756716787
794,0.030578878989851344,-0.2756002605696144,0.2585052902260972,0.11095373758591699,1.0781982368665075
795,0.03500863627416684,-0.20389155472829779,0.28488675426702414,0.17170223808837357,1.0898201157170577
796,-0.019074522431657304,-0.26516571962400715,-0.023969610928907106,-0.07193434527926197,0.9529999962636532
797,-0.013446530551564417,-0.23834042338778783,0.004115541804895112,-0.056417330977408156,0.9667264086664412
798,0.052546054487792704,-0.2277149456162325,0.3886081452839297,0.23075364836328507,1.1365673014862674
799,0.11431525286502642,-0.16781717125158335,0.7496535936879621,0.6811892490646893,1.310702417430233
800,0.03384117793661323,-0.2850233740950212,0.27851016289260866,0.11873123754871853,1.086749924786854
801,-0.01584261764595718,-0.31455704056165024,-0.013133244720658134,-0.05036484835205008,0.9608680656825238
802,-0.09188305851225353,-0.3805996212327397,-0.5724001718667027,-0.24141657896203295,0.7859026798216118
803,-0.0790984323047611,-0.41506733543382623,-0.47697521966937173,-0.19056771167523417,0.8138517058085944
804,0.031086436227861114,-0.31793378714669274,0.273690592218965,0.09777644743846624,1.0795260694500792
805,0.03665644315142136,-0.17047016355317057,0.3093139251064916,0.2150314306467361,1.0941623773822742
806,-0.0318997316238836,-0.21276679415267907,-0.14964442158204103,-0.14992814903716933,0.9221587040025688
807,-0.13562839566259788,-0.38268008491739947,-0.9263609460846972,-0.35441717771091463,0.694660958806041
808,-0.03041854905620245,-0.29129113794915484,-0.14905401172091953,-0.10442662028912131,0.9256894993944186
809,-0.003929115617490653,-0.22909584311036235,0.039322202625481,-0.01715053212728037,0.9902074722674981
810,0.029088416692973462,-0.16152707053329396,0.2764446098164995,0.1800838497035564,1.0743046683394375
811,-0.0557441977621963,-0.32615388059138406,-0.3258448770802232,-0.1709137958472872,0.8664284024147726
812,-0.03351275545261756,-0.3386992627624048,-0.14734042246792692,-0.09894546323865643,0.9183228338898864
813,-0.052550842920641494,-0.374739669406981,-0.2785696835175331,-0.140232932915275,0.8737713642510653
814,-0.08611040598434971,-0.3854675524213893,-0.5104079904236566,-0.22339209991458547,0.7984499794772416
815,-0.11054059326630017,-0.3068275406298122,-0.6904945978640848,-0.360269462902183,0.7461613368269416
816,-0.061137969453173735,-0.2260906271057419,-0.3314751342933562,-0.2704135515736337,0.8541100178445492
817,0.008789348030074473,-0.2462427662183977,0.13470625573171735,0.03569383241203123,1.0221153696430145
818,0.03908386888730897,-0.1830737655709912,0.31326943737514246,0.21348699943659197,1.1005779524432469
819,0.023367002476357035,-0.2118364410635456,0.2194803902220528,0.11030681198683621,1.059436888456174
820,-0.09000899495955994,-0.26578985724814386,-0.4741012199090887,-0.33864721510244356,0.7899630310353986
821,-0.08158169679160965,-0.24263671012405108,-0.4480804464142908,-0.3362298176145727,0.8083770480118306
822,-0.13887498086352212,-0.31986993760991667,-0.9164537181043483,-0.43416077766232913,0.688157331149282
823,-0.07165973950716109,-0.22844298422714637,-0.42116286887373383,-0.3136876352302773,0.8303840817061783
824,-0.11468062146646862,-0.29635420671931534,-0.7076625751701698,-0.3869714647752093,0.7375101985438381
825,-0.19664413480098486,-0.4327646322498928,-1.1801240852872081,-0.45439049346212734,0.5784988039428943
826,-0.07636751476892845,-0.3171612737365762,-0.39295661636795876,-0.2407844875549239,0.8198979586946222
827,-0.08348324589010858,-0.29577157619165173,-0.482641502964554,-0.28225581026086755,0.8041998312594845
828,0.03732437549395562,-0.21328175231268776,0.3124325684527715,0.17500032276195462,1.0959254481427867
829,-0.002368903986488813,-0.2547692845333588,0.06046711726393051,-0.00929823228427144,0.9940890647041214
830,0.07735099347438701,-0.30347046395028343,0.5536859036992247,0.2548880456684548,1.2047084804723953
831,0.0805493605091181,-0.33358839822453945,0.5703454074446349,0.2414633150847772,1.2136683103652703
832,0.04768346122501743,-0.3202801764864103,0.367897322159183,0.148880463811786,1.1234876352271934
833,-0.09089324597004211,-0.32603616456729567,-0.5082257409458699,-0.2787827113923776,0.788045646208309
834,-0.16498115964040783,-0.39423418299197366,-0.9951853616993245,-0.41848517139815533,0.6371878473707207
835,-0.11705113585459104,-0.3372053946217033,-0.6669403760285095,-0.34712118406618564,0.7325839221284706
836,-0.3053831697556988,-0.6068470728644417,-2.234391734514623,-0.5032292045411508,0.4021771705294957
837,-0.19103921348851394,-0.4503908640161607,-1.278099337920688,-0.42416316304688445,0.5886405625581751
838,-0.19507679945193213,-0.47690253664757154,-1.2633359592617128,-0.4090496159304199,0.5813241526179314
839,-0.16296086920147224,-0.4394769816711014,-0.9255157343334172,-0.3708063812166389,0.6410484318587379
840,-0.11827725419848123,-0.33683698870125234,-0.6804798976534427,-0.35114093215986963,0.7300436372116719
841,-0.02009662302808146,-0.30569897255441814,-0.044506564713698724,-0.06573991027890687,0.9505197677873477
842,0.05867177975613891,-0.21739809882218708,0.42588602249597785,0.26988175183687957,1.1531740671214687
843,-0.038061802208171125,-0.32794392040036524,-0.14441816241921052,-0.11606192351943578,0.9075565467766408
844,-0.06037380924556246,-0.2966344284715141,-0.267727043870767,-0.20352933931726733,0.8558487873607251
845,-0.023113375014497728,-0.2464873152416056,-0.05032185338784434,-0.09377105264764686,0.9432219187875948
846,-0.08157282819875977,-0.23619670705892082,-0.4287450395842003,-0.34535971823862427,0.8083965604643256
847,-0.16424139704689844,-0.37886143983720266,-1.0381260330408804,-0.43351309945259464,0.638599840470737
848,-0.17265707653955797,-0.38944694769160115,-1.087154029978661,-0.44333914429927246,0.6226472324063015
849,-0.11361571316922225,-0.2825688923602372,-0.6741768004527697,-0.40208146133926714,0.7397296846466458
850,-0.030778979259502237,-0.19824921068050871,-0.11553982752487581,-0.15525398135937363,0.9248295721589247
851,0.06650658564613843,-0.12909009805780391,0.49524350447915655,0.5151950974299991,1.1746251190295782
852,0.0035407083658718363,-0.20961105290109572,0.09883579005962316,0.01689180182469914,1.0088740705983887
853,0.11668449385250912,-0.1938084127480697,0.8152158865307838,0.6020610364534925,1.3176795647617188
854,0.18527577548991458,-0.1612107672263562,1.2687843095195186,1.1492766809413462,1.5294076486216615
855,0.10405107207807873,-0.1543163929562409,0.7459980423809996,0.6742710225710384,1.280731812572947
856,0.055744298245760326,-0.14927805160416596,0.425608394629096,0.3734259500758694,1.1452196706363964
857,-0.012749250216508079,-0.17189862134166645,-0.019155931076289743,-0.07416726275638717,0.9684352472941322
858,-0.053525249520067986,-0.21995330412118008,-0.3140848314330831,-0.24334824036368657,0.871526822544014
859,-0.06400789115848782,-0.233624977475977,-0.3661276840220648,-0.27397708862302433,0.8475987348940752
860,-0.04683272858780996,-0.18405803888937133,-0.258335683727554,-0.2544454394407566,0.8870128945594085
861,-0.009057606617807856,-0.1712376551310485,0.011245880647817653,-0.05289494656345331,0.9775126203143583
862,-0.020354618326874685,-0.18669812903282756,-0.06549687519422016,-0.10902422232252625,0.9498943294463873
863,-0.08400458252205378,-0.24403060617369976,-0.533128259088414,-0.3442378963819798,0.8030568552717268
864,-0.03818914122988404,-0.19182907992985687,-0.20119294970476065,-0.1990789990956953,0.9072562674205479
865,-0.08888378530573338,-0.2789891531087517,-0.5999931952639751,-0.3185922617969521,0.7924069467887014
866,-0.07836821111601577,-0.24050025710170797,-0.5284548130381204,-0.32585499932698087,0.8154657864375163
867,-0.10459071748832727,-0.2941162423673437,-0.6553096343436091,-0.3556101378369173,0.7587005527718625
868,-0.12694650912198158,-0.33840043684646126,-0.8422970048021479,-0.3751369540328922,0.7122333585172339
869,-0.026450927411930447,-0.2331971562298074,-0.11097731603004576,-0.11342731549377905,0.9351873051788521
870,0.028912540281316623,-0.16464158936860862,0.2654652383198453,0.17560897214485485,1.0738457797427527
871,0.003912576982711746,-0.16309314959203913,0.100320403958702,0.023989830305556414,1.009808814646536
872,-0.0012416296944474103,-0.1794441909747797,0.06611800281607859,-0.006919308380519921,0.9968992396187998
873,-0.04177959593398106,-0.1700006680582853,-0.23202257460629486,-0.24576136324156556,0.8988141047464998
874,-0.06464405852175747,-0.2165248893970808,-0.39466103804646846,-0.2985525530194729,0.8461594436397446
875,-0.04864643150460668,-0.243700473764496,-0.2775611836029664,-0.19961566242836676,0.8827999317597516
876,-0.12016411825224071,-0.30682416352736386,-0.8542921084215134,-0.39163837968558163,0.726144749268319
877,0.0022953436722257248,-0.14321002500334257,0.08725076382737856,0.016027814199265383,1.00574745244007
878,0.09112473528724996,-0.1279012084806952,0.6938685134171879,0.7124618787398236,1.2435780305116306
879,0.084068744353061,-0.12581838509554089,0.6533986140768964,0.6681753567987933,1.2235734935701483
880,0.055067563451966395,-0.1629379281015878,0.46924270536284307,0.33796651334386135,1.1433855818942602
881,0.03801444030151768,-0.10940302425795778,0.34339952444074234,0.34747156725653844,1.0977487285386043
882,0.03934535761349123,-0.13931805260062913,0.3455125719398145,0.28241392180724145,1.101270398065275
