scenario,lookback,entry_z,exit_z,target_vol,max_gross,fee,lag_bars,offset_hours,side,include_funding,use_trend_filter,trend_horizon_days,trend_required,turnover,active_share,mean_active_gross,realised_full_vol,dev_cagr,dev_max_dd,dev_sharpe,dev_calmar,dev_multiple,oos_cagr,oos_max_dd,oos_sharpe,oos_calmar,oos_multiple,full_cagr,full_max_dd,full_sharpe,full_calmar,full_multiple
ensemble_core,180,1.0,0.25,0.24,1.0,0.0005,1,0,both,True,True,"30,60,120",2,306.64008243452895,0.5856530072100027,0.3181583381542981,0.151897544646094,0.2693701856284634,-0.09340071845507436,1.7250049624448107,2.8840269120416897,1.816430945464593,0.3683777089213385,-0.0905428550745706,2.049328686529188,4.0685453161151655,2.1901222794825226,0.3179174721856548,-0.09340071845507436,1.8931171512198786,3.4038011424780716,3.9782058828034916
strategy_inverse,180,1.0,0.25,0.24,1.0,0.0005,1,0,both,True,True,"30,60,120",2,306.64008243452895,0.5856530072100027,0.3181583381542981,0.15061612874629546,-0.2653861325877175,-0.5562556161961698,-2.0798177970776104,-0.477093848332717,0.4621968001190677,-0.33576664082290886,-0.6441365188440276,-2.5132720482048567,-0.5212662704258382,0.35963546690750864,-0.30144296180942975,-0.840054261202381,-2.3044733913821087,-0.35883748911406077,0.16622236201397775
single_core,180,1.0,0.25,0.24,1.0,0.0005,1,0,both,True,True,"30,60,120",2,340.11747090163,0.46828511453865107,0.49657052675675634,0.18546310053527976,0.37992590912207613,-0.10092568678469738,1.8963045545055754,3.7644124229004654,2.238589505716484,0.3297229053379491,-0.13933275319685767,1.57552391542077,2.366442188019473,2.0387337835866783,0.3546055917752544,-0.13933275319685812,1.7288984135350831,2.545026805536852,4.563888052886791
trend_none_crowding_only,180,1.0,0.25,0.24,1.0,0.0005,1,0,both,True,False,"30,60,120",2,448.9304758787849,0.941042256091996,0.3604028442979776,0.1883444167064735,0.3188852245364835,-0.13048251362285446,1.6384843776287255,2.4438924088953913,1.9989663226161878,0.23378799773958292,-0.19901844795229784,1.1610791121868498,1.1747051599740086,1.690713916582412,0.2756504874461554,-0.19901844795229762,1.3863902701446944,1.3850499302065986,3.379680180426754
trend_single_15d,180,1.0,0.25,0.24,1.0,0.0005,1,0,both,True,True,15,1,443.59261877737293,0.7410787624349731,0.3374439720975515,0.1695807570856797,0.23067048426480619,-0.14073759268596298,1.3504894417989974,1.6390111544647235,1.6810104278162747,0.23621877268663694,-0.13555085015997725,1.2953731172353857,1.7426579944563334,1.699052575451262,0.23343999039073404,-0.14073759268596298,1.3215106876309959,1.6586896644709848,2.8561250967416805
trend_single_30d,180,1.0,0.25,0.24,1.0,0.0005,1,0,both,True,True,30,1,364.8757145568948,0.6613124030300265,0.32206055601017186,0.16038604423887431,0.28216061383145297,-0.09932649243300018,1.6975128355467872,2.840738728610415,1.86257885620334,0.37554871022287095,-0.0902372846979349,1.9901328470667448,4.161790899183223,2.218924596093782,0.32800847540941547,-0.09932649243300018,1.8487318475937549,3.3023261707411113,4.132922036193821
trend_single_60d,180,1.0,0.25,0.24,1.0,0.0005,1,0,both,True,True,60,1,298.1128671067064,0.574062243314776,0.3074792684875649,0.14473105236217107,0.21403968371822102,-0.12271025593118656,1.4801381025395075,1.7442689047788325,1.624740465922075,0.3174330612946654,-0.07900029830130884,1.892145790442883,4.018124844085637,1.9919591139477988,0.2646519157191849,-0.12271025593118656,1.6944521997628141,2.1567220580779844,3.2364165788932713
trend_single_120d,180,1.0,0.25,0.24,1.0,0.0005,1,0,both,True,True,120,1,245.5639774639212,0.5318974171762344,0.307215362400361,0.13706607637527052,0.17516148786050456,-0.10006774946562791,1.3446661889041365,1.7504289723300959,1.4976550769974035,0.25451304265112396,-0.155315688563195,1.6111016890990648,1.638682125454232,1.7626019686090573,0.21416748784604933,-0.15531568856319433,1.4839896939471917,1.378917286639138,2.6397697870129737
trend_single_200d,180,1.0,0.25,0.24,1.0,0.0005,1,0,both,True,True,200,1,251.40011624773234,0.5460436250798576,0.28043201321645256,0.12596122826247624,0.2088126046516281,-0.0707845241736903,1.6993886312731201,2.9499753948934657,1.6072918792223088,0.16610359939978148,-0.18554717558872602,1.199877716147675,0.8952095275648811,1.46831758538385,0.1872777612156522,-0.1855471755887259,1.425485663832291,1.0093269305848245,2.360014931106773
trend_vote_15_30_60_r2,180,1.0,0.25,0.24,1.0,0.0005,1,0,both,True,True,"15,30,60",2,382.2840064318764,0.6792005110888016,0.3276014814118655,0.16330508914569458,0.31328661965132065,-0.11232598817213124,1.8200752344479485,2.7890840289891967,1.977799865935221,0.3451530636106037,-0.08768855104112239,1.829023997177616,3.936124608202739,2.0983850960869996,0.3291156225132599,-0.11232598817213124,1.8236470170949715,2.930004248072268,4.150185761721341
trend_vote_30_60_120_r2,180,1.0,0.25,0.24,1.0,0.0005,1,0,both,True,True,"30,60,120",2,306.64008243452895,0.5856530072100027,0.3181583381542981,0.151897544646094,0.2693701856284634,-0.09340071845507436,1.7250049624448107,2.8840269120416897,1.816430945464593,0.3683777089213385,-0.0905428550745706,2.049328686529188,4.0685453161151655,2.1901222794825226,0.3179174721856548,-0.09340071845507436,1.8931171512198786,3.4038011424780716,3.9782058828034916
trend_vote_20_60_120_r2,180,1.0,0.25,0.24,1.0,0.0005,1,0,both,True,True,"20,60,120",2,325.69824769072557,0.5993428858264124,0.3216178302152384,0.15218216163025092,0.2650947183408918,-0.1004590286986351,1.701550745367793,2.6388341772260593,1.8011598374814866,0.3230621634569206,-0.08084693545776978,1.8318196986607664,3.99597290395344,2.013302421583723,0.2937379605102668,-0.1004590286986351,1.7681024195059687,2.9239577996662205,3.626279462460825
trend_vote_15_30_60_120_r2,180,1.0,0.25,0.24,1.0,0.0005,1,0,both,True,True,"15,30,60,120",2,389.170031169923,0.7158893857807794,0.33493522700173,0.16731754314336836,0.32641790944939975,-0.12532178226454804,1.8534270930720214,2.604638264402814,2.027658620363796,0.3546378771213343,-0.09607096768859624,1.8205161161701138,3.691415686275328,2.135565631192688,0.340445909686349,-0.12532178226454804,1.8346178471543109,2.7165741145277096,4.330198061440511
trend_vote_30_60_120_200_r2,180,1.0,0.25,0.24,1.0,0.0005,1,0,both,True,True,"30,60,120,200",2,337.58198939913666,0.6507255635666697,0.3262597660709767,0.15761315249835203,0.3165000922063712,-0.08147740046765595,1.911233616097038,3.884513869978119,1.9899323927732537,0.30131887532385515,-0.09061969846319429,1.6764029078300453,3.3250924515737332,1.9316132563422217,0.30889162857591357,-0.09061969846319406,1.786433868624189,3.4086587553739482,3.8437797891056187
trend_vote_15_30_60_120_200_r3,180,1.0,0.25,0.24,1.0,0.0005,1,0,both,True,True,"15,30,60,120,200",3,329.4279780920616,0.6123939034407229,0.3251786240610741,0.15362218500440666,0.2743314033003921,-0.07933815404638045,1.7522601026363618,3.457748754023444,1.8342485328998979,0.2967695466066014,-0.0964270975716427,1.679820189816304,3.077657153230291,1.9147777939172619,0.2854953786707768,-0.09642709757164203,1.7113307978271517,2.96073806907507,3.5121783593220366
risk_0.12,180,1.0,0.25,0.12,1.0,0.0005,1,0,both,True,True,"30,60,120",2,171.0205632081023,0.6013507346901524,0.16670278011063794,0.07954805519760433,0.1411897984132635,-0.051741838219729774,1.7625009618497591,2.728735647420933,1.3916566823260128,0.16657955084103437,-0.050675759057689174,1.9104938588845801,3.2871643945461297,1.4698160930413413,0.15380789057563415,-0.051741838219729774,1.838388265620392,2.9726019768077236,2.0454793876712967
risk_0.16,180,1.0,0.25,0.16,1.0,0.0005,1,0,both,True,True,"30,60,120",2,219.18170900731957,0.6006206078306106,0.21691176792427583,0.10458009192188204,0.18512626752342665,-0.06670331746707292,1.7463988375078126,2.775368220850656,1.529636619801532,0.23177303892192258,-0.06425611877793236,1.968660989127349,3.6070189630177443,1.6838203447813005,0.20821179353328478,-0.06670331746707292,1.8609150862821284,3.121460842424597,2.5756332605443184
risk_0.20,180,1.0,0.25,0.2,1.0,0.0005,1,0,both,True,True,"30,60,120",2,263.2746126387343,0.5945057953819476,0.26703414427450173,0.1286499349825927,0.2298804066215494,-0.07618066863474104,1.7451418902163354,3.0175687709403474,1.6783111667209012,0.2999339702918653,-0.07747529783937768,2.0213565053982836,3.8713496902417917,1.9264788486081026,0.26440295971454963,-0.07747529783937779,1.8878222406873812,3.4127388611362464,3.2332309640706027
risk_0.24,180,1.0,0.25,0.24,1.0,0.0005,1,0,both,True,True,"30,60,120",2,306.64008243452895,0.5856530072100027,0.3181583381542981,0.151897544646094,0.2693701856284634,-0.09340071845507436,1.7250049624448107,2.8840269120416897,1.816430945464593,0.3683777089213385,-0.0905428550745706,2.049328686529188,4.0685453161151655,2.1901222794825226,0.3179174721856548,-0.09340071845507436,1.8931171512198786,3.4038011424780716,3.9782058828034916
risk_0.28,180,1.0,0.25,0.28,1.0,0.0005,1,0,both,True,True,"30,60,120",2,349.65888749018495,0.5789905996166834,0.36844618353734887,0.174757660300862,0.3088281054990276,-0.10944082742450001,1.7119036755717763,2.821872903986211,1.9610403837548305,0.43882108205954906,-0.10349987010967665,2.069533619992744,4.239822538854779,2.482921028498784,0.37225065872492147,-0.10944082742450001,1.8978191615728206,3.401387466498517,4.869108406560193
fee_3bp,180,1.0,0.25,0.24,1.0,0.0003,1,0,both,True,True,"30,60,120",2,306.64008243452895,0.5856530072100027,0.3181583381542981,0.15187774524581318,0.2823221862526919,-0.0902537028021938,1.7951532219240596,3.128095330021512,1.8631662597324643,0.38817875208113684,-0.08786588102225057,2.1403946279917365,4.417855344588613,2.2702032045717195,0.33417207678529914,-0.0902537028021938,1.9741102149189096,3.7025857821888324,4.22976601349455
fee_5bp,180,1.0,0.25,0.24,1.0,0.0005,1,0,both,True,True,"30,60,120",2,306.64008243452895,0.5856530072100027,0.3181583381542981,0.151897544646094,0.2693701856284634,-0.09340071845507436,1.7250049624448107,2.8840269120416897,1.816430945464593,0.3683777089213385,-0.0905428550745706,2.049328686529188,4.0685453161151655,2.1901222794825226,0.3179174721856548,-0.09340071845507436,1.8931171512198786,3.4038011424780716,3.9782058828034916
fee_8bp,180,1.0,0.25,0.24,1.0,0.0008,1,0,both,True,True,"30,60,120",2,306.64008243452895,0.5856530072100027,0.3181583381542981,0.15193843396686613,0.25018600741931607,-0.09810126129242924,1.6196409566614005,2.55028329017645,1.7485131337525601,0.33920283424518427,-0.09454380313372579,1.9127242194944314,3.5877849526045074,2.0752598727992355,0.2939047932667418,-0.09810126129242924,1.7715461665224548,2.995932869717581,3.6286191435391295
fee_10bp,180,1.0,0.25,0.24,1.0,0.001,1,0,both,True,True,"30,60,120",2,306.64008243452895,0.5856530072100027,0.3181583381542981,0.15197314573017154,0.2375572063631044,-0.1012216876524249,1.5493148585012317,2.346900272783719,1.7046489675112237,0.32009824425714206,-0.09720145867095664,1.8216673943433166,3.2931423934771256,2.00204741311361,0.2781390225519622,-0.1012216876524249,1.6904586304793492,2.7478204424632415,3.412788055672631
fee_15bp,180,1.0,0.25,0.24,1.0,0.0015,1,0,both,True,True,"30,60,120",2,306.64008243452895,0.5856530072100027,0.3181583381542981,0.15208596063432459,0.20653813690076328,-0.10897656908454945,1.3732627647714126,1.8952527009775901,1.5997347397294428,0.2735170224150547,-0.1038120066321716,1.594152357863616,2.634733989722255,1.8301047569640043,0.2395569443079124,-0.10897656908454945,1.4876692119423862,2.198242671064935,2.927682157059427
fee_20bp,180,1.0,0.25,0.24,1.0,0.002,1,0,both,True,True,"30,60,120",2,306.64008243452895,0.5856530072100027,0.3181583381542981,0.1522358719252983,0.17629324882691244,-0.11666590984446912,1.1969671900723238,1.51109479248852,1.50126700483233,0.22857448845859984,-0.1103748408185865,1.3669583851181635,2.070893029275465,1.6729121533007485,0.20213538296885458,-0.11666590984446912,1.2848988869325235,1.732600236335768,2.511487817733424
lag_4h,180,1.0,0.25,0.24,1.0,0.0005,1,0,both,True,True,"30,60,120",2,306.64008243452895,0.5856530072100027,0.3181583381542981,0.151897544646094,0.2693701856284634,-0.09340071845507436,1.7250049624448107,2.8840269120416897,1.816430945464593,0.3683777089213385,-0.0905428550745706,2.049328686529188,4.0685453161151655,2.1901222794825226,0.3179174721856548,-0.09340071845507436,1.8931171512198786,3.4038011424780716,3.9782058828034916
lag_8h,180,1.0,0.25,0.24,1.0,0.0005,2,0,both,True,True,"30,60,120",2,306.6399460948651,0.58556174135256,0.3181299314264614,0.15100779653380011,0.22582652408892034,-0.099722351649433,1.4722409304718127,2.2645527342034395,1.6645022168894825,0.30775931317359473,-0.09825425073662675,1.7930240664160335,3.1322747959124144,1.955598404848355,0.26610792740180034,-0.099722351649433,1.6376442289995572,2.6684882877339704,3.2550978802156325
lag_12h,180,1.0,0.25,0.24,1.0,0.0005,3,0,both,True,True,"30,60,120",2,306.5992791715839,0.5854704754951173,0.3181015161417837,0.14841289398779653,0.20510572602897525,-0.10973860988193618,1.3815500383189034,1.8690388574234822,1.5949863857154318,0.2559275497476923,-0.10643125919536323,1.553178272780213,2.4046276599801986,1.7675739769110315,0.23024032709273978,-0.10973860988193618,1.4699487235603985,2.0980794939943843,2.819256428917971
lag_24h,180,1.0,0.25,0.24,1.0,0.0005,6,0,both,True,True,"30,60,120",2,306.4947763042512,0.5851966779227891,0.3180098690590059,0.14880312015551378,0.16326284838201466,-0.14330272348904904,1.1357421118489763,1.1392864308994863,1.4599970703484213,0.1977296468248384,-0.11469325083093584,1.2380924865654368,1.7239867681168333,1.5698934666783126,0.1803610183121791,-0.14330272348904904,1.1882967748638762,1.2586014691197547,2.2920398621094553
lag_48h,180,1.0,0.25,0.24,1.0,0.0005,12,0,both,True,True,"30,60,120",2,306.42108343682503,0.5846490827781327,0.31780610488884203,0.15162103756951242,0.1399237170533545,-0.18301929652322346,0.9603237461388133,0.7645298594817812,1.3877963047324573,0.08325932694463645,-0.21518304601313198,0.5914424529339369,0.3869232659693616,1.2212911388135368,0.11124590440331117,-0.2151830460131322,0.7711515580824775,0.5169826641292272,1.694903329447922
side_both,180,1.0,0.25,0.24,1.0,0.0005,1,0,both,True,True,"30,60,120",2,306.64008243452895,0.5856530072100027,0.3181583381542981,0.151897544646094,0.2693701856284634,-0.09340071845507436,1.7250049624448107,2.8840269120416897,1.816430945464593,0.3683777089213385,-0.0905428550745706,2.049328686529188,4.0685453161151655,2.1901222794825226,0.3179174721856548,-0.09340071845507436,1.8931171512198786,3.4038011424780716,3.9782058828034916
side_long,180,1.0,0.25,0.24,1.0,0.0005,1,0,long,True,True,"30,60,120",2,166.8736764634151,0.36369444190928174,0.31311023585985526,0.11058998374120622,0.23456941982949564,-0.07250603738001993,1.9731410126860391,3.2351708672212527,1.694369107849488,0.1437301687592012,-0.10154664468672459,1.261292133415758,1.4154103190963567,1.3989074466583467,0.18830692990380427,-0.10154664468672514,1.6150769339642448,1.854388497864578,2.370265562358503
side_short,180,1.0,0.25,0.24,1.0,0.0005,1,0,short,True,True,"30,60,120",2,170.55915472087614,0.37701925709592043,0.28092798615621706,0.12052866501406813,0.0664416042645617,-0.08251054455150697,0.6446835235410258,0.8052498577692178,1.174653089939017,0.16332849100956603,-0.11521862586389664,1.2186540872682983,1.4175528460346312,1.4595985587285376,0.11380557328405505,-0.11877021817784228,0.9540407803027197,0.95819958092227,1.7145219570810157
funding_on,180,1.0,0.25,0.24,1.0,0.0005,1,0,both,True,True,"30,60,120",2,306.64008243452895,0.5856530072100027,0.3181583381542981,0.151897544646094,0.2693701856284634,-0.09340071845507436,1.7250049624448107,2.8840269120416897,1.816430945464593,0.3683777089213385,-0.0905428550745706,2.049328686529188,4.0685453161151655,2.1901222794825226,0.3179174721856548,-0.09340071845507436,1.8931171512198786,3.4038011424780716,3.9782058828034916
funding_off,180,1.0,0.25,0.24,1.0,0.0005,1,0,both,False,True,"30,60,120",2,306.64008243452895,0.5856530072100027,0.3181583381542981,0.15200080307358324,0.27577098901401986,-0.09467520314451205,1.758261671286913,2.912811167598801,1.8394381791476448,0.37337539527358365,-0.09123581759750543,2.0714389121893992,4.092421212475576,2.2101716327078216,0.3236471541540824,-0.09467520314451205,1.9204896754677798,3.418499706412755,4.065474083671851
boundary_0h,180,1.0,0.25,0.24,1.0,0.0005,1,0,both,True,True,"30,60,120",2,306.64008243452895,0.5856530072100027,0.3181583381542981,0.151897544646094,0.2693701856284634,-0.09340071845507436,1.7250049624448107,2.8840269120416897,1.816430945464593,0.3683777089213385,-0.0905428550745706,2.049328686529188,4.0685453161151655,2.1901222794825226,0.3179174721856548,-0.09340071845507436,1.8931171512198786,3.4038011424780716,3.9782058828034916
boundary_1h,180,1.0,0.25,0.24,1.0,0.0005,1,1,both,True,True,"30,60,120",2,305.60691424351575,0.5838276900611481,0.3143892355427777,0.14648999528950393,0.22332040260441177,-0.09769913540509145,1.52115838204938,2.2857971227529794,1.6559997256690433,0.3485173061879627,-0.08825863234568354,2.0206237016954582,3.948818341337097,2.111528122028436,0.2843600572826197,-0.09769913540509145,1.7814349620093766,2.910568820323467,3.496689990821565
boundary_2h,180,1.0,0.25,0.24,1.0,0.0005,1,2,both,True,True,"30,60,120",2,310.04272049122005,0.579446928903897,0.3139628825056172,0.15229694859437604,0.23855653118620102,-0.11044216272169782,1.4696733948661183,2.1600132169390545,1.708095605873312,0.23260725330639231,-0.11691423156715397,1.458476212771206,1.9895546520594956,1.6866723071952692,0.2355799397033007,-0.11691423156715386,1.464479422496973,2.01498086713239,2.8809975564684427
boundary_3h,180,1.0,0.25,0.24,1.0,0.0005,1,3,both,True,True,"30,60,120",2,307.4887107861212,0.5782604727571415,0.3100195281033841,0.15030515486829762,0.2429031934306829,-0.10261797030021269,1.541023911670389,2.367062929816879,1.7231357605009292,0.2828355729758618,-0.09318415393490287,1.7093043506147751,3.0352325050184685,1.863762059040535,0.2627006109324881,-0.10261797030021269,1.6265799416377034,2.5599864250281668,3.211515052997583
