symbol,side,start,end,bars,gross_contribution,cost,net_contribution
BTC,long,2021-09-03 20:00:00+00:00,2021-09-04 04:00:00+00:00,3,-0.0008111362559317884,7.872599302430394e-05,-0.0008898622489560923
BTC,long,2021-09-06 00:00:00+00:00,2021-09-07 20:00:00+00:00,12,-0.016022218530698854,0.0004387568312177227,-0.016460975361916576
BTC,long,2021-09-15 20:00:00+00:00,2021-09-16 20:00:00+00:00,7,-0.0006110601017397015,3.552241733345744e-05,-0.000646582519073159
BTC,long,2021-09-18 16:00:00+00:00,2021-09-19 04:00:00+00:00,4,-0.0004737644635485653,6.280946678364368e-05,-0.000536573930332209
BTC,short,2021-09-29 04:00:00+00:00,2021-09-29 04:00:00+00:00,1,-0.00480709737728602,0.00017018283052309903,-0.004977280207809119
BTC,short,2021-09-30 00:00:00+00:00,2021-09-30 00:00:00+00:00,1,-0.0011198738423871296,0.00013810628775943944,-0.001257980130146569
BTC,long,2021-10-06 00:00:00+00:00,2021-10-06 00:00:00+00:00,1,0.0006991465210114442,0.0002149991927129112,0.000484147328298533
BTC,long,2021-10-06 20:00:00+00:00,2021-10-08 16:00:00+00:00,12,-0.003777317748681421,0.00021056725615584314,-0.003987885004837264
BTC,long,2021-10-11 12:00:00+00:00,2021-10-13 12:00:00+00:00,13,-0.005724574729741125,0.00017303498377626593,-0.005897609713517391
BTC,long,2021-10-14 04:00:00+00:00,2021-10-16 16:00:00+00:00,16,0.0089599104098706,0.00025289780784168236,0.008707012602028918
BTC,long,2021-10-20 04:00:00+00:00,2021-10-21 04:00:00+00:00,7,0.0006782651600006136,5.991157428339863e-05,0.0006183535857172149
BTC,long,2021-11-08 08:00:00+00:00,2021-11-11 04:00:00+00:00,18,-0.0023426806267353418,0.00014739920383024328,-0.002490079830565585
BTC,long,2021-12-01 20:00:00+00:00,2021-12-02 00:00:00+00:00,2,-0.001460716166724762,5.714348005071449e-05,-0.0015178596467754764
BTC,short,2021-12-04 12:00:00+00:00,2021-12-17 16:00:00+00:00,80,-0.0077088961690651246,0.0004210716156446053,-0.00812996778470973
BTC,short,2021-12-18 00:00:00+00:00,2021-12-19 08:00:00+00:00,9,-0.0022076292371563657,9.694517728840358e-05,-0.0023045744144447695
BTC,short,2021-12-20 00:00:00+00:00,2021-12-21 04:00:00+00:00,8,-0.001713944479861391,0.00012556561120500095,-0.001839510091066392
BTC,short,2021-12-28 16:00:00+00:00,2021-12-30 20:00:00+00:00,14,0.001522273284768534,0.00011295736296489174,0.0014093159218036423
BTC,short,2022-02-11 04:00:00+00:00,2022-02-15 16:00:00+00:00,28,-0.0007783575479810431,0.000137875267753876,-0.0009162328157349191
BTC,short,2022-02-17 12:00:00+00:00,2022-02-23 00:00:00+00:00,34,0.01763971105808784,0.0002075271147896339,0.017432183943298204
BTC,short,2022-03-04 16:00:00+00:00,2022-03-09 12:00:00+00:00,30,-0.0015961083147300738,0.00016571045586537047,-0.0017618187705954443
BTC,short,2022-03-10 20:00:00+00:00,2022-03-16 04:00:00+00:00,33,0.000102944417227437,0.0003433537821112937,-0.0002404093648838567
BTC,long,2022-03-19 20:00:00+00:00,2022-03-20 00:00:00+00:00,2,0.001070496242748902,0.00016900671366527952,0.0009014895290836224
BTC,long,2022-03-20 08:00:00+00:00,2022-03-20 12:00:00+00:00,2,-0.0012139023032412388,0.00016933758867678975,-0.0013832398919180284
BTC,long,2022-03-22 08:00:00+00:00,2022-03-23 08:00:00+00:00,7,-0.0020535090455357295,0.0001442012473732798,-0.0021977102929090094
BTC,long,2022-03-24 08:00:00+00:00,2022-03-31 08:00:00+00:00,43,0.017277501967887375,0.00034318603045038434,0.01693431593743699
BTC,short,2022-04-08 20:00:00+00:00,2022-04-19 16:00:00+00:00,66,0.02431044778744348,0.0005989578348629009,0.02371148995258058
BTC,long,2022-04-19 20:00:00+00:00,2022-04-19 20:00:00+00:00,1,-0.0001732986614330653,6.667267749624444e-05,-0.00023997133892930976
BTC,long,2022-04-20 04:00:00+00:00,2022-04-21 04:00:00+00:00,7,0.0009260739546989962,0.00011945148514280153,0.0008066224695561947
BTC,short,2022-04-22 04:00:00+00:00,2022-04-26 08:00:00+00:00,26,-0.004836767493050544,0.00023128908338761477,-0.005068056576438158
BTC,short,2022-04-27 20:00:00+00:00,2022-04-28 12:00:00+00:00,5,-0.001155220299939016,0.00014891678547657936,-0.0013041370854155955
BTC,short,2022-04-30 04:00:00+00:00,2022-05-09 20:00:00+00:00,59,0.02761128747733116,0.0007068637165349916,0.026904423760796166
BTC,short,2022-05-11 12:00:00+00:00,2022-05-11 12:00:00+00:00,1,-0.001647630593632712,5.5417630594160224e-05,-0.0017030482242268723
BTC,short,2022-05-26 16:00:00+00:00,2022-05-27 00:00:00+00:00,3,-0.0004944820975336319,5.653813230449911e-05,-0.000551020229838131
BTC,short,2022-05-27 12:00:00+00:00,2022-05-28 16:00:00+00:00,8,-0.00015331434574909254,6.741666564194507e-05,-0.0002207310113910376
BTC,short,2022-06-04 00:00:00+00:00,2022-06-05 20:00:00+00:00,12,-0.000635231975404474,4.3421147695036346e-05,-0.0006786531230995103
BTC,short,2022-06-10 08:00:00+00:00,2022-06-13 20:00:00+00:00,22,0.053046275691028336,0.00033110690096331964,0.05271516879006501
BTC,short,2022-06-17 00:00:00+00:00,2022-06-19 12:00:00+00:00,16,0.014639680960157555,0.0004156615922750596,0.014224019367882495
BTC,short,2022-06-27 08:00:00+00:00,2022-06-27 12:00:00+00:00,2,-3.320728406586261e-05,5.21658664096374e-06,-3.842387070682635e-05
BTC,short,2022-06-27 20:00:00+00:00,2022-06-29 04:00:00+00:00,9,0.0006251293480424459,0.00010700058142561902,0.0005181287666168268
BTC,short,2022-07-02 12:00:00+00:00,2022-07-04 12:00:00+00:00,13,-0.0008615560244597776,0.00012383014139680018,-0.0009853861658565778
BTC,short,2022-07-05 20:00:00+00:00,2022-07-05 20:00:00+00:00,1,-0.0017258091798656224,3.794543935922016e-05,-0.0017637546192248426
BTC,short,2022-07-25 12:00:00+00:00,2022-07-28 20:00:00+00:00,21,-0.0021381755220436856,0.0002267142213157766,-0.0023648897433594623
BTC,short,2022-08-03 08:00:00+00:00,2022-08-03 16:00:00+00:00,3,-0.0019373561469395789,0.00010145707310630365,-0.0020388132200458826
BTC,short,2022-08-04 04:00:00+00:00,2022-08-09 04:00:00+00:00,31,-0.008237738690951058,0.00046540764138728317,-0.008703146332338341
BTC,short,2022-08-09 16:00:00+00:00,2022-08-10 20:00:00+00:00,8,-0.00727371057536917,0.00028277000270300666,-0.007556480578072177
BTC,long,2022-08-13 12:00:00+00:00,2022-08-14 20:00:00+00:00,9,-0.0018945767998025493,0.0003303686397098836,-0.002224945439512433
BTC,long,2022-08-15 08:00:00+00:00,2022-08-15 16:00:00+00:00,3,-0.002234165536670929,7.776747564186807e-05,-0.002311933012312797
BTC,long,2022-08-16 00:00:00+00:00,2022-08-16 08:00:00+00:00,3,3.795235862180174e-05,1.0303993950542595e-05,2.7648364671259146e-05
BTC,short,2022-08-19 00:00:00+00:00,2022-08-25 04:00:00+00:00,38,0.005181682195185023,0.0001821429655468205,0.0049995392296382024
BTC,short,2022-08-25 16:00:00+00:00,2022-08-25 16:00:00+00:00,1,0.0004355988995095845,6.30815639295225e-05,0.00037251733558006195
BTC,short,2022-08-26 16:00:00+00:00,2022-09-09 08:00:00+00:00,83,0.008035096208646357,0.0013330796634494462,0.006702016545196911
BTC,short,2022-09-16 04:00:00+00:00,2022-09-17 20:00:00+00:00,11,-0.000571590262442828,3.5349511136758844e-05,-0.0006069397735795868
BTC,short,2022-09-19 04:00:00+00:00,2022-09-19 16:00:00+00:00,4,0.0005597500851737099,3.6132874440433764e-05,0.0005236172107332762
BTC,short,2022-09-22 04:00:00+00:00,2022-09-23 00:00:00+00:00,6,-0.010450463574300186,0.00023606806329482002,-0.010686531637595005
BTC,short,2022-09-23 20:00:00+00:00,2022-09-26 16:00:00+00:00,18,-0.00283887398859358,0.00015225399589761175,-0.0029911279844911914
BTC,short,2022-10-03 04:00:00+00:00,2022-10-03 20:00:00+00:00,5,-0.0013879160124425237,7.202456366105293e-05,-0.0014599405761035766
BTC,short,2022-10-21 00:00:00+00:00,2022-10-22 16:00:00+00:00,11,-0.0028645674089192463,0.0003705061998835523,-0.0032350736088027987
BTC,long,2022-10-26 08:00:00+00:00,2022-11-03 00:00:00+00:00,47,-0.001884478648676957,0.00042656001553796543,-0.0023110386642149223
BTC,long,2022-11-04 20:00:00+00:00,2022-11-07 16:00:00+00:00,18,-0.006131274626774279,0.0005265412648788056,-0.006657815891653085
BTC,short,2022-11-08 12:00:00+00:00,2022-11-15 16:00:00+00:00,44,0.041779898696381684,0.0004999471065107213,0.04127995158987096
BTC,short,2022-11-21 04:00:00+00:00,2022-11-23 08:00:00+00:00,14,-0.003460593349206888,0.00014602313027658757,-0.0036066164794834755
BTC,short,2022-11-23 20:00:00+00:00,2022-11-25 08:00:00+00:00,10,-7.730628071418795e-05,1.2024832319347279e-05,-8.933111303353523e-05
BTC,short,2022-11-28 08:00:00+00:00,2022-11-28 12:00:00+00:00,2,-8.325362719045571e-05,2.7143737256063356e-05,-0.00011039736444651906
BTC,short,2022-12-07 16:00:00+00:00,2022-12-08 16:00:00+00:00,7,-0.0003773189280675556,7.80774491512599e-05,-0.0004553963772188155
BTC,short,2022-12-16 08:00:00+00:00,2023-01-04 08:00:00+00:00,115,0.0030101357233561425,0.0010129936782186152,0.0019971420451375273
BTC,long,2023-01-09 04:00:00+00:00,2023-01-09 16:00:00+00:00,4,0.002601298170321401,0.0004987360343176645,0.002102562136003736
BTC,long,2023-01-10 08:00:00+00:00,2023-01-10 08:00:00+00:00,1,-0.00023347763666843672,0.0005171188657000947,-0.0007505965023685314
BTC,long,2023-01-10 20:00:00+00:00,2023-01-26 16:00:00+00:00,96,0.11989260808233637,0.0008280129823799749,0.1190645950999564
BTC,long,2023-01-29 16:00:00+00:00,2023-01-30 16:00:00+00:00,7,-0.004464453539905659,0.0002234500220196387,-0.004687903561925298
BTC,long,2023-02-02 04:00:00+00:00,2023-02-03 12:00:00+00:00,9,-0.0009521356172123607,0.00026185160123491234,-0.001213987218447273
BTC,long,2023-02-15 20:00:00+00:00,2023-02-21 16:00:00+00:00,36,0.00880806019740587,0.0007375477949732854,0.008070512402432586
BTC,long,2023-03-12 08:00:00+00:00,2023-03-28 20:00:00+00:00,100,0.046568442225421745,0.0005873271337290674,0.04598111509169268
BTC,long,2023-03-31 00:00:00+00:00,2023-03-31 04:00:00+00:00,2,4.3714189047828304e-05,6.124145567008725e-06,3.759004348081958e-05
BTC,long,2023-04-02 16:00:00+00:00,2023-04-03 04:00:00+00:00,4,-0.0014890392896056961,0.00011135117685978144,-0.0016003904664654775
BTC,long,2023-04-03 16:00:00+00:00,2023-04-04 00:00:00+00:00,3,-0.0008147168365398182,5.06329193720269e-05,-0.000865349755911845
BTC,long,2023-04-05 12:00:00+00:00,2023-04-05 16:00:00+00:00,2,-1.2402972433014276e-05,6.576570935846552e-07,-1.306062952659893e-05
BTC,long,2023-04-10 20:00:00+00:00,2023-04-17 04:00:00+00:00,39,0.013329568872337506,0.0006098034298762369,0.01271976544246127
BTC,long,2023-04-30 20:00:00+00:00,2023-05-01 04:00:00+00:00,3,-0.0027873496374788823,7.011700263709704e-05,-0.0028574666401159792
BTC,long,2023-05-04 08:00:00+00:00,2023-05-07 00:00:00+00:00,17,-0.0009662844446206684,7.233030335178082e-05,-0.0010386147479724492
BTC,short,2023-05-17 04:00:00+00:00,2023-05-17 20:00:00+00:00,5,-0.0022557673808761463,0.000165098308441572,-0.0024208656893177183
BTC,short,2023-05-18 20:00:00+00:00,2023-05-21 20:00:00+00:00,19,-0.0037694871338654723,0.00048178363064504503,-0.004251270764510517
BTC,short,2023-05-22 04:00:00+00:00,2023-05-23 08:00:00+00:00,8,-0.006476095566751581,0.00038632204996726186,-0.006862417616718843
BTC,short,2023-05-24 08:00:00+00:00,2023-05-28 16:00:00+00:00,27,-0.002152765394776664,0.0004657503783905412,-0.0026185157731672053
BTC,long,2023-05-30 12:00:00+00:00,2023-05-30 16:00:00+00:00,2,-0.0002526487791195466,9.828082706541728e-05,-0.0003509296061849639
BTC,short,2023-05-31 12:00:00+00:00,2023-06-07 04:00:00+00:00,41,0.01339980253543055,0.0009509604833625373,0.012448842052068011
BTC,short,2023-06-08 16:00:00+00:00,2023-06-16 20:00:00+00:00,50,-0.0072118919495720735,0.0005274374183718664,-0.00773932936794394
BTC,long,2023-06-20 16:00:00+00:00,2023-06-28 20:00:00+00:00,50,0.015036492653786353,0.00032058153505171535,0.014715911118734638
BTC,long,2023-07-04 00:00:00+00:00,2023-07-04 20:00:00+00:00,6,-0.00045397232874438883,2.6100669776848957e-05,-0.0004800729985212378
BTC,long,2023-07-11 20:00:00+00:00,2023-07-13 08:00:00+00:00,10,-0.0008275545321587374,0.00010802367684111142,-0.0009355782089998488
BTC,long,2023-07-13 20:00:00+00:00,2023-07-26 00:00:00+00:00,74,-0.01426956596708479,0.0004685299761318767,-0.014738095943216668
BTC,long,2023-07-26 20:00:00+00:00,2023-07-28 16:00:00+00:00,12,0.00048068154533090646,0.00022066793407047848,0.000260013611260428
BTC,long,2023-07-29 20:00:00+00:00,2023-08-01 08:00:00+00:00,16,-0.003055361278307831,0.00041264739411021276,-0.003468008672418044
BTC,long,2023-08-02 08:00:00+00:00,2023-08-02 16:00:00+00:00,3,-0.00370531252026782,0.0003333333333333333,-0.004038645853601153
BTC,long,2023-08-08 20:00:00+00:00,2023-08-09 04:00:00+00:00,3,0.0016139565050994177,0.000393447622629524,0.0012205088824698937
BTC,short,2023-08-13 20:00:00+00:00,2023-08-31 20:00:00+00:00,109,0.024315593655653597,0.0018364883981932896,0.02247910525746031
BTC,short,2023-09-01 08:00:00+00:00,2023-09-08 04:00:00+00:00,42,-0.0037465172011137936,0.00036356719733036664,-0.0041100843984441604
BTC,short,2023-09-11 20:00:00+00:00,2023-09-12 12:00:00+00:00,5,-0.009467271626098029,0.00030221467207440956,-0.009769486298172439
BTC,long,2023-09-18 16:00:00+00:00,2023-09-18 20:00:00+00:00,2,-0.003541301039161539,0.0002557339412348336,-0.003797034980396373
BTC,long,2023-09-19 04:00:00+00:00,2023-09-20 04:00:00+00:00,7,0.0032242361612041443,0.00024971910427624966,0.0029745170569278946
BTC,long,2023-09-21 08:00:00+00:00,2023-09-22 20:00:00+00:00,10,-0.0074749691902900465,0.0005098336752072026,-0.00798480286549725
BTC,long,2023-09-23 04:00:00+00:00,2023-09-23 16:00:00+00:00,4,-2.6718674019130054e-05,8.869763858313869e-05,-0.00011541631260226874
BTC,short,2023-09-25 12:00:00+00:00,2023-09-27 12:00:00+00:00,13,-0.0037668476531194156,0.0001686286285451096,-0.003935476281664525
BTC,short,2023-09-28 04:00:00+00:00,2023-09-28 16:00:00+00:00,4,-0.0014826545944872276,0.00014954487601038204,-0.0016321994704976096
BTC,long,2023-10-01 16:00:00+00:00,2023-10-01 16:00:00+00:00,1,-0.0005355512172816137,0.00035078960864085197,-0.0008863408259224656
BTC,long,2023-10-02 04:00:00+00:00,2023-10-11 04:00:00+00:00,55,-0.016409533303151525,0.0010426829392174645,-0.01745221624236899
BTC,long,2023-10-16 12:00:00+00:00,2023-10-31 08:00:00+00:00,90,0.09960423030420765,0.001010410519965365,0.09859381978424228
BTC,long,2023-11-01 00:00:00+00:00,2023-11-01 16:00:00+00:00,5,-0.0012083020078591546,0.00012395842236616062,-0.0013322604302253153
BTC,long,2023-11-02 04:00:00+00:00,2023-11-02 16:00:00+00:00,4,-0.0008734472024109769,3.9220461213806086e-05,-0.000912667663624783
BTC,long,2023-11-05 04:00:00+00:00,2023-11-07 12:00:00+00:00,15,-0.0016280396833561243,0.0001189525032238169,-0.0017469921865799411
BTC,long,2023-11-08 20:00:00+00:00,2023-11-10 04:00:00+00:00,9,0.0050180781669718535,0.00016954839607363526,0.004848529770898218
BTC,long,2023-11-10 20:00:00+00:00,2023-11-13 12:00:00+00:00,17,-0.0003735153281011314,0.00011173013530688511,-0.0004852454634080165
BTC,long,2023-11-16 04:00:00+00:00,2023-11-21 20:00:00+00:00,35,-0.015415873276099994,0.0007117742530687429,-0.016127647529168735
BTC,long,2023-11-23 04:00:00+00:00,2023-11-26 20:00:00+00:00,23,-8.342224562095741e-05,0.00010030296731397373,-0.00018372521293493114
BTC,long,2023-11-29 00:00:00+00:00,2023-12-06 12:00:00+00:00,46,0.05268945311774676,0.000955779764685313,0.05173367335306145
BTC,long,2023-12-20 20:00:00+00:00,2023-12-24 08:00:00+00:00,22,-0.00046442172814719794,0.00017759152304218706,-0.000642013251189385
BTC,long,2024-01-02 08:00:00+00:00,2024-01-03 16:00:00+00:00,9,-0.010794793576534456,0.00022123629380090372,-0.01101602987033536
BTC,long,2024-01-08 16:00:00+00:00,2024-01-10 12:00:00+00:00,12,0.005368261970398634,0.0006500711724686292,0.004718190797930005
BTC,long,2024-01-25 16:00:00+00:00,2024-02-03 20:00:00+00:00,56,0.0121691954961292,0.0005519159188590851,0.011617279577270115
BTC,long,2024-02-05 16:00:00+00:00,2024-02-05 16:00:00+00:00,1,-0.000559518399243841,4.444501601625357e-05,-0.0006039634152600945
BTC,long,2024-02-08 04:00:00+00:00,2024-02-16 20:00:00+00:00,53,0.04958575078695268,0.0003730779970017895,0.049212672789950895
BTC,long,2024-02-17 04:00:00+00:00,2024-02-21 12:00:00+00:00,27,-0.004785630299396171,0.0002501366473990055,-0.005035766946795177
BTC,long,2024-02-26 20:00:00+00:00,2024-02-29 04:00:00+00:00,15,0.024823071965036234,0.00027386817678503423,0.0245492037882512
BTC,long,2024-03-11 20:00:00+00:00,2024-03-12 16:00:00+00:00,6,-0.0002528504600003331,5.624725085094015e-05,-0.0003090977108512733
BTC,long,2024-03-14 12:00:00+00:00,2024-03-14 16:00:00+00:00,2,-0.0016828184428874103,9.050779998428081e-05,-0.001773326242871691
BTC,long,2024-03-25 20:00:00+00:00,2024-03-27 20:00:00+00:00,13,-0.0019310137318468508,0.00011753295651045148,-0.002048546688357302
BTC,long,2024-03-28 16:00:00+00:00,2024-03-29 16:00:00+00:00,7,-0.00383461207063407,0.00017383628322544385,-0.004008448353859514
BTC,long,2024-04-01 00:00:00+00:00,2024-04-01 08:00:00+00:00,3,-0.0014629215791594845,6.186463353326113e-05,-0.0015247862126927456
BTC,long,2024-04-08 00:00:00+00:00,2024-04-09 12:00:00+00:00,10,0.0012504985477050949,0.00018689532109476627,0.0010636032266103286
BTC,long,2024-04-12 08:00:00+00:00,2024-04-12 16:00:00+00:00,3,-0.006419416611310669,0.00030875675598285264,-0.006728173367293522
BTC,long,2024-04-22 12:00:00+00:00,2024-04-25 00:00:00+00:00,16,-0.0031715654086637425,0.00014380334025822805,-0.0033153687489219704
BTC,short,2024-04-29 12:00:00+00:00,2024-04-29 16:00:00+00:00,2,-0.0033382240486897804,0.0003650632255601854,-0.0037032872742499656
BTC,short,2024-04-30 16:00:00+00:00,2024-05-03 20:00:00+00:00,20,-0.0011220833671253506,0.00025062015536316733,-0.001372703522488518
BTC,long,2024-05-05 00:00:00+00:00,2024-05-05 04:00:00+00:00,2,-0.0003106529024374073,2.8427019078394084e-05,-0.0003390799215158014
BTC,short,2024-05-10 20:00:00+00:00,2024-05-13 08:00:00+00:00,16,-0.0034129385010504077,0.00014402916972260522,-0.003556967670773013
BTC,long,2024-05-15 20:00:00+00:00,2024-05-23 16:00:00+00:00,48,0.02773122255893657,0.0006146844815125383,0.02711653807742403
BTC,long,2024-06-04 20:00:00+00:00,2024-06-08 00:00:00+00:00,20,-0.00970745831020849,0.000558081436852827,-0.010265539747061316
BTC,short,2024-06-20 20:00:00+00:00,2024-06-20 20:00:00+00:00,1,-0.001763454077850387,0.000519894169472676,-0.0022833482473230632
BTC,short,2024-06-21 04:00:00+00:00,2024-07-01 00:00:00+00:00,60,0.02016200288999832,0.0012676076332908278,0.018894395256707493
BTC,long,2024-07-01 12:00:00+00:00,2024-07-02 00:00:00+00:00,4,-0.0001646301115257888,2.954749098029406e-05,-0.00019417760250608286
BTC,short,2024-07-02 20:00:00+00:00,2024-07-07 04:00:00+00:00,27,0.029260019398374602,0.000567815039387192,0.02869220435898741
BTC,short,2024-07-08 12:00:00+00:00,2024-07-09 12:00:00+00:00,7,-0.00018086095245822893,9.262958530008045e-06,-0.000190123910988237
BTC,long,2024-07-20 00:00:00+00:00,2024-07-23 08:00:00+00:00,21,-0.004114606526101248,0.0005359219369652704,-0.004650528463066518
BTC,short,2024-07-25 12:00:00+00:00,2024-07-26 00:00:00+00:00,4,-0.0024470344502208778,9.312280787662493e-05,-0.002540157258097503
BTC,long,2024-07-27 12:00:00+00:00,2024-07-27 12:00:00+00:00,1,0.0011221986527970896,0.0005366309795255084,0.0005855676732715812
BTC,long,2024-07-27 20:00:00+00:00,2024-07-27 20:00:00+00:00,1,-0.00690413350382476,0.0005353348131294834,-0.0074394683169542435
BTC,long,2024-07-28 20:00:00+00:00,2024-07-29 16:00:00+00:00,6,0.0009341027981898693,0.0005411579374058096,0.0003929448607840597
BTC,short,2024-07-30 04:00:00+00:00,2024-07-31 12:00:00+00:00,9,0.0016987736663993858,0.00018885068117020025,0.0015099229852291855
BTC,short,2024-08-01 00:00:00+00:00,2024-08-06 20:00:00+00:00,36,0.02132682418312069,0.0003476958373262975,0.020979128345794393
BTC,short,2024-08-14 20:00:00+00:00,2024-08-16 20:00:00+00:00,13,-0.0023814490837075096,0.00016134253770637408,-0.002542791621413884
BTC,short,2024-08-19 16:00:00+00:00,2024-08-20 08:00:00+00:00,5,-0.0011125833209335502,2.9363956702876808e-05,-0.001141947277636427
BTC,long,2024-08-24 12:00:00+00:00,2024-08-24 12:00:00+00:00,1,-0.0009269169470820625,0.00020527421496935265,-0.001132191162051415
BTC,long,2024-08-24 20:00:00+00:00,2024-08-26 08:00:00+00:00,10,-0.0021681561130782213,0.0003103716885432812,-0.0024785278016215026
BTC,long,2024-08-26 16:00:00+00:00,2024-08-26 16:00:00+00:00,1,-0.00206050235392914,0.00037210771577469645,-0.0024326100697038364
BTC,long,2024-08-27 08:00:00+00:00,2024-08-27 16:00:00+00:00,3,-0.005363305002507307,0.0004147771612829659,-0.005778082163790273
BTC,short,2024-08-29 12:00:00+00:00,2024-09-04 04:00:00+00:00,35,0.004035394091710303,0.00042126797611301417,0.0036141261155972887
BTC,short,2024-09-04 16:00:00+00:00,2024-09-04 16:00:00+00:00,1,-0.007490712792577129,0.00026640039264934053,-0.007757113185226469
BTC,short,2024-09-05 04:00:00+00:00,2024-09-06 00:00:00+00:00,6,0.006967574935145485,0.00022757368569211811,0.006740001249453367
BTC,short,2024-09-06 08:00:00+00:00,2024-09-09 20:00:00+00:00,22,-0.00406553132270553,0.0004190505428635884,-0.004484581865569118
BTC,long,2024-09-23 08:00:00+00:00,2024-09-23 08:00:00+00:00,1,-0.004451676599823153,0.00034506534841497437,-0.004796741948238127
BTC,long,2024-09-30 00:00:00+00:00,2024-09-30 12:00:00+00:00,4,-0.012515778672706951,0.00042907327508559057,-0.012944851947792541
BTC,long,2024-09-30 20:00:00+00:00,2024-09-30 20:00:00+00:00,1,-0.00022461414211560259,0.00019661719590576462,-0.0004212313380213672
BTC,short,2024-10-01 04:00:00+00:00,2024-10-02 08:00:00+00:00,8,0.003418393124171247,0.00021144365106422853,0.0032069494731070186
BTC,short,2024-10-02 16:00:00+00:00,2024-10-02 16:00:00+00:00,1,-0.0018417385342252258,0.00015449255413470646,-0.0019962310883599324
BTC,short,2024-10-03 00:00:00+00:00,2024-10-03 04:00:00+00:00,2,-0.002203651878843006,0.00011552171296735512,-0.002319173591810361
BTC,short,2024-10-03 16:00:00+00:00,2024-10-03 16:00:00+00:00,1,0.00020047855946931468,0.00011356709338855735,8.691146608075733e-05
BTC,short,2024-10-10 00:00:00+00:00,2024-10-10 12:00:00+00:00,4,-0.0004725973617495647,0.00034910356090373174,-0.0008217009226532965
BTC,long,2024-10-14 08:00:00+00:00,2024-11-04 16:00:00+00:00,129,0.012892167724717858,0.0014224269136183193,0.011469740811099539
BTC,long,2024-11-07 00:00:00+00:00,2024-11-12 16:00:00+00:00,35,0.0495152665838916,0.0003960654024791866,0.04911920118141241
BTC,long,2024-11-20 00:00:00+00:00,2024-11-23 20:00:00+00:00,24,0.01699937124077352,0.0006612209417190429,0.016338150299054475
BTC,long,2024-12-11 20:00:00+00:00,2024-12-18 16:00:00+00:00,42,0.012505767344629576,0.0005860836164977568,0.011919683728131819
BTC,long,2025-01-03 16:00:00+00:00,2025-01-03 16:00:00+00:00,1,0.0002884891696233846,3.0387394099901803e-05,0.0002581017755234828
BTC,long,2025-01-04 00:00:00+00:00,2025-01-07 20:00:00+00:00,24,-0.004388805183789081,0.00017215945989825304,-0.004560964643687334
BTC,short,2025-01-13 16:00:00+00:00,2025-01-13 16:00:00+00:00,1,-0.003942574593874415,0.00031362029996084346,-0.004256194893835258
BTC,long,2025-01-15 20:00:00+00:00,2025-01-21 08:00:00+00:00,34,0.00576587287534297,0.0006957984626933127,0.0050700744126496574
BTC,long,2025-01-22 00:00:00+00:00,2025-01-23 04:00:00+00:00,8,-0.013815489602184497,0.000371205310379219,-0.014186694912563715
BTC,long,2025-01-24 16:00:00+00:00,2025-01-27 04:00:00+00:00,16,-0.010575389831564745,0.00048408665989303713,-0.011059476491457783
BTC,long,2025-01-30 12:00:00+00:00,2025-02-01 00:00:00+00:00,10,-0.005281521606801496,0.0003833082569763539,-0.00566482986377785
BTC,long,2025-02-02 04:00:00+00:00,2025-02-02 04:00:00+00:00,1,-0.00017998743686828113,1.2303640185610934e-05,-0.00019229107705389205
BTC,long,2025-02-03 00:00:00+00:00,2025-02-03 00:00:00+00:00,1,-9.467516978786111e-05,1.6651088867447835e-05,-0.00011132625865530895
BTC,short,2025-02-03 08:00:00+00:00,2025-02-03 16:00:00+00:00,3,-0.0041483084524044445,9.553376189663092e-05,-0.004243842214301075
BTC,long,2025-02-04 04:00:00+00:00,2025-02-04 04:00:00+00:00,1,-0.0006907282118707556,9.238660625726597e-05,-0.0007831148181280215
BTC,short,2025-02-05 04:00:00+00:00,2025-02-07 04:00:00+00:00,13,-0.004763097763153586,0.000683595724470625,-0.005446693487624212
BTC,short,2025-02-13 16:00:00+00:00,2025-02-14 00:00:00+00:00,3,-0.00309625241544826,0.0003703683015239649,-0.0034666207169722248
BTC,short,2025-02-14 08:00:00+00:00,2025-02-14 12:00:00+00:00,2,0.0010479835241824242,0.00037063562376749633,0.0006773479004149279
BTC,short,2025-02-14 20:00:00+00:00,2025-02-14 20:00:00+00:00,1,-0.00440057113086784,0.00039717984801049716,-0.004797750978878337
BTC,short,2025-02-17 08:00:00+00:00,2025-02-18 12:00:00+00:00,8,0.002670741895800642,0.000629983171367281,0.0020407587244333607
BTC,short,2025-02-18 20:00:00+00:00,2025-02-20 04:00:00+00:00,9,-0.006278077812943991,0.000685787136338695,-0.006963864949282686
BTC,long,2025-02-20 12:00:00+00:00,2025-02-22 08:00:00+00:00,12,-0.005856085214772666,0.0003404798287306848,-0.006196565043503351
BTC,short,2025-02-24 00:00:00+00:00,2025-02-24 12:00:00+00:00,4,-2.7608513831357085e-05,2.90753798253189e-05,-5.668389365667599e-05
BTC,short,2025-02-24 20:00:00+00:00,2025-03-01 12:00:00+00:00,29,0.042567577500552595,0.0004112955716417296,0.04215628192891086
BTC,short,2025-03-05 04:00:00+00:00,2025-03-05 12:00:00+00:00,3,-0.001968036082679069,0.00010253820308331514,-0.002070574285762384
BTC,short,2025-03-08 04:00:00+00:00,2025-03-13 04:00:00+00:00,31,0.007224606101920568,0.00033940275236316015,0.006885203349557408
BTC,short,2025-03-14 00:00:00+00:00,2025-03-14 16:00:00+00:00,5,-0.002865053869578994,6.421997002707939e-05,-0.0029292738396060735
BTC,short,2025-03-28 20:00:00+00:00,2025-04-01 12:00:00+00:00,23,-0.000147758155086579,0.00013904168082716365,-0.00028679983591374265
BTC,short,2025-04-07 00:00:00+00:00,2025-04-08 04:00:00+00:00,8,-0.006970663057502546,0.00030250189363509615,-0.007273164951137642
BTC,short,2025-04-09 04:00:00+00:00,2025-04-10 20:00:00+00:00,11,-0.01113966307773134,0.0004487715946774383,-0.011588434672408778
BTC,long,2025-04-25 20:00:00+00:00,2025-05-04 16:00:00+00:00,54,-0.001335985128539578,0.0006753645263460244,-0.0020113496548856023
BTC,long,2025-05-07 04:00:00+00:00,2025-05-07 04:00:00+00:00,1,-0.00023717273733791708,6.143642917244796e-05,-0.00029860916651036504
BTC,long,2025-05-07 12:00:00+00:00,2025-05-13 00:00:00+00:00,34,0.019032945354365016,0.0005996483560237103,0.018433296998341304
BTC,long,2025-05-13 20:00:00+00:00,2025-05-15 08:00:00+00:00,10,-0.0022627933046255426,9.071693980906263e-05,-0.0023535102444346054
BTC,long,2025-05-19 00:00:00+00:00,2025-05-19 08:00:00+00:00,3,-8.442257150820042e-05,8.760298773371125e-05,-0.00017202555924191167
BTC,long,2025-05-21 00:00:00+00:00,2025-05-24 04:00:00+00:00,20,0.005816174402252045,0.0006262192928077325,0.0051899551094443126
BTC,long,2025-05-24 16:00:00+00:00,2025-05-25 12:00:00+00:00,6,-0.00151628528437999,8.421703314571108e-05,-0.0016005023175257012
BTC,long,2025-05-27 00:00:00+00:00,2025-05-28 12:00:00+00:00,10,0.00012031509658585152,8.466389273553427e-05,3.565120385031724e-05
BTC,long,2025-06-09 20:00:00+00:00,2025-06-12 12:00:00+00:00,17,-0.0018829574463266829,0.0003208805223500482,-0.002203837968676731
BTC,long,2025-06-17 00:00:00+00:00,2025-06-17 12:00:00+00:00,4,-0.002872465576798286,0.00012872443500379176,-0.003001190011802078
BTC,long,2025-06-25 04:00:00+00:00,2025-07-01 20:00:00+00:00,41,0.003050265639151052,0.0012416740248988169,0.001808591614252235
BTC,long,2025-07-02 16:00:00+00:00,2025-07-08 04:00:00+00:00,34,0.00017057464883321176,0.000706529860061896,-0.0005359552112286841
BTC,long,2025-07-10 00:00:00+00:00,2025-07-15 08:00:00+00:00,33,0.023628995719969063,0.0005097721617934573,0.023119223558175608
BTC,long,2025-08-11 08:00:00+00:00,2025-08-14 20:00:00+00:00,22,-0.013279477600089573,0.0004117004293981378,-0.013691178029487711
BTC,long,2025-08-15 20:00:00+00:00,2025-08-18 04:00:00+00:00,15,-0.00027204759202230247,3.349369184975397e-05,-0.00030554128387205644
BTC,short,2025-09-01 00:00:00+00:00,2025-09-01 08:00:00+00:00,3,-0.0029094413964695183,0.0003827679132170393,-0.0032922093096865576
BTC,short,2025-09-01 16:00:00+00:00,2025-09-02 04:00:00+00:00,4,-0.0027230285524880594,0.00034005593643266017,-0.0030630844889207197
BTC,long,2025-09-02 20:00:00+00:00,2025-09-03 20:00:00+00:00,7,0.0010296648897583135,9.14782970374164e-05,0.000938186592720897
BTC,long,2025-09-04 12:00:00+00:00,2025-09-04 12:00:00+00:00,1,0.00035180407754243286,9.769276193131227e-05,0.0002541113156111206
BTC,long,2025-09-05 12:00:00+00:00,2025-09-05 16:00:00+00:00,2,-0.002865925056761594,0.00015646553177490883,-0.003022390588536503
BTC,short,2025-09-08 00:00:00+00:00,2025-09-08 08:00:00+00:00,3,-1.2939446943078555e-05,0.00010209988024120837,-0.00011503932718428693
BTC,long,2025-09-08 16:00:00+00:00,2025-09-08 20:00:00+00:00,2,-0.00018401653950762202,0.0001654292034065383,-0.0003494457429141603
BTC,short,2025-09-10 00:00:00+00:00,2025-09-10 12:00:00+00:00,4,-0.0006449131378013229,6.960613409985736e-05,-0.0007145192719011802
BTC,long,2025-09-17 08:00:00+00:00,2025-09-17 16:00:00+00:00,3,-0.004372898778999735,0.0007524979036943913,-0.005125396682694126
BTC,long,2025-09-18 04:00:00+00:00,2025-09-21 16:00:00+00:00,22,-0.01044508232800295,0.0006962798940465559,-0.011141362222049507
BTC,short,2025-09-22 16:00:00+00:00,2025-09-24 08:00:00+00:00,11,0.0008460583519582139,0.0002611795715491566,0.0005848787804090573
BTC,short,2025-09-26 00:00:00+00:00,2025-09-28 16:00:00+00:00,17,-0.002881346157507422,0.0004076348645537692,-0.0032889810220611913
BTC,long,2025-09-29 20:00:00+00:00,2025-10-10 20:00:00+00:00,67,0.028045823784545298,0.0011197608961863855,0.02692606288835891
BTC,short,2025-10-11 16:00:00+00:00,2025-10-25 00:00:00+00:00,81,0.010110468031709433,0.0010857686684589015,0.009024699363250531
BTC,long,2025-10-25 20:00:00+00:00,2025-10-29 16:00:00+00:00,24,0.0001616362727288505,0.0001357236416471024,2.5912631081748117e-05
BTC,short,2025-10-30 20:00:00+00:00,2025-10-31 04:00:00+00:00,3,-0.0051025602925324764,0.00034915492972471514,-0.005451715222257191
BTC,short,2025-10-31 12:00:00+00:00,2025-10-31 12:00:00+00:00,1,-0.0028621700930730226,0.0003480642598163535,-0.0032102343528893763
BTC,short,2025-11-01 00:00:00+00:00,2025-11-01 00:00:00+00:00,1,0.0003691823604730447,0.00020997173766932318,0.00015921062280372153
BTC,short,2025-11-01 08:00:00+00:00,2025-11-01 12:00:00+00:00,2,0.00021602268336960189,0.00021041811177900728,5.604571590594608e-06
BTC,short,2025-11-01 20:00:00+00:00,2025-11-25 00:00:00+00:00,140,0.060213163749908566,0.0020649593214070745,0.05814820442850149
BTC,short,2025-11-25 16:00:00+00:00,2025-11-26 20:00:00+00:00,8,-0.00175824201948964,6.882601069101583e-05,-0.001827068030180656
BTC,short,2025-12-09 00:00:00+00:00,2025-12-09 20:00:00+00:00,6,-0.0030064822637547663,8.484371730991077e-05,-0.003091325981064677
BTC,short,2025-12-11 12:00:00+00:00,2025-12-12 08:00:00+00:00,6,-0.004543670574108552,0.0001879441962563716,-0.004731614770364923
BTC,short,2025-12-13 00:00:00+00:00,2025-12-17 16:00:00+00:00,29,0.0003585867430223454,0.0004223667176287767,-6.377997460643129e-05
BTC,short,2025-12-18 04:00:00+00:00,2025-12-19 08:00:00+00:00,8,-0.0014053168723091813,0.00010032839543378278,-0.001505645267742964
BTC,short,2025-12-24 08:00:00+00:00,2025-12-26 08:00:00+00:00,13,-0.004089786842417531,0.00026859346715431493,-0.004358380309571846
BTC,short,2025-12-26 20:00:00+00:00,2025-12-29 04:00:00+00:00,15,-0.0028365894826322693,0.00013480156222062863,-0.0029713910448528977
BTC,short,2025-12-29 16:00:00+00:00,2025-12-30 20:00:00+00:00,8,-0.00825254321944131,0.0005698699543134593,-0.008822413173754769
BTC,short,2026-01-01 00:00:00+00:00,2026-01-02 12:00:00+00:00,10,-0.00635728413782822,0.00040511336607954517,-0.006762397503907765
BTC,long,2026-01-14 04:00:00+00:00,2026-01-14 04:00:00+00:00,1,0.0013121628917023903,0.0003789886352392873,0.000933174256463103
BTC,long,2026-01-14 20:00:00+00:00,2026-01-16 04:00:00+00:00,9,-0.005655912728593738,0.0003863755127096883,-0.006042288241303427
BTC,long,2026-01-16 12:00:00+00:00,2026-01-16 12:00:00+00:00,1,-0.0009227847928463408,0.0003817382200423107,-0.0013045230128886517
BTC,long,2026-01-16 20:00:00+00:00,2026-01-20 04:00:00+00:00,21,-0.002754000504848241,0.00046791362555956577,-0.0032219141304078067
BTC,short,2026-01-21 04:00:00+00:00,2026-01-21 04:00:00+00:00,1,-0.001505806254066482,0.0001507507951405648,-0.0016565570492070468
BTC,short,2026-01-21 12:00:00+00:00,2026-01-21 16:00:00+00:00,2,-0.002494841413051754,0.00020140159739354634,-0.0026962430104453005
BTC,short,2026-01-25 16:00:00+00:00,2026-01-25 16:00:00+00:00,1,0.00033991575189952305,0.00020711561429943802,0.00013280013760008503
BTC,short,2026-01-26 00:00:00+00:00,2026-01-28 04:00:00+00:00,14,-0.009290700457801386,0.0004719488614813667,-0.009762649319282753
BTC,short,2026-01-29 20:00:00+00:00,2026-02-10 08:00:00+00:00,70,0.07057586243628543,0.001024407004352181,0.06955145543193325
BTC,short,2026-02-11 20:00:00+00:00,2026-02-12 20:00:00+00:00,7,0.0005361032192011873,5.6778497831801964e-05,0.0004793247213693853
BTC,short,2026-02-19 00:00:00+00:00,2026-02-20 12:00:00+00:00,10,-0.0019029717046752854,0.00014519662263852694,-0.0020481683273138123
BTC,short,2026-02-20 20:00:00+00:00,2026-02-21 08:00:00+00:00,4,-0.00020844290506933922,3.547048711340918e-05,-0.00024391339218274842
BTC,short,2026-02-23 08:00:00+00:00,2026-02-23 16:00:00+00:00,3,0.00013817791197288,0.0001666000318546577,-2.8422119881777716e-05
BTC,short,2026-02-24 00:00:00+00:00,2026-02-25 20:00:00+00:00,12,-0.0074152991908592435,0.00021089880971252996,-0.007626198000571773
BTC,short,2026-02-27 00:00:00+00:00,2026-02-27 12:00:00+00:00,4,0.00013634079901891696,6.21541746713177e-06,0.00013012538155178518
BTC,short,2026-02-28 04:00:00+00:00,2026-03-01 04:00:00+00:00,7,-0.0003610301134410062,8.06090115308704e-05,-0.00044163912497187656
BTC,short,2026-03-22 16:00:00+00:00,2026-03-23 16:00:00+00:00,7,-0.004876546871744948,0.00019420230025890263,-0.005070749172003851
BTC,short,2026-03-24 20:00:00+00:00,2026-03-25 12:00:00+00:00,5,-0.0038394469829078383,0.0001534956367661518,-0.00399294261967399
BTC,short,2026-03-26 12:00:00+00:00,2026-04-01 08:00:00+00:00,36,-0.0029726238128346327,0.0005143844199471315,-0.003487008232781764
BTC,short,2026-04-02 12:00:00+00:00,2026-04-04 16:00:00+00:00,14,-0.00043496607403412796,9.86880357035989e-05,-0.0005336541097377269
BTC,long,2026-04-06 20:00:00+00:00,2026-04-07 16:00:00+00:00,6,-0.00797779273111368,0.0004719800268226151,-0.008449772757936295
BTC,long,2026-04-08 04:00:00+00:00,2026-04-12 12:00:00+00:00,27,-0.0008226185040903472,0.0006802822726792184,-0.0015029007767695655
BTC,long,2026-04-13 12:00:00+00:00,2026-04-29 20:00:00+00:00,99,0.03058475760828017,0.0013256292184713118,0.029259128389808858
BTC,long,2026-05-01 08:00:00+00:00,2026-05-13 16:00:00+00:00,75,0.010506184624556852,0.0009313302349745356,0.009574854389582317
BTC,long,2026-05-15 00:00:00+00:00,2026-05-15 16:00:00+00:00,5,-0.0027582207041405306,0.00010432662709037755,-0.002862547331230908
BTC,short,2026-05-22 12:00:00+00:00,2026-05-25 16:00:00+00:00,20,0.00012370057017389272,0.00061910552691055,-0.0004954049567366573
BTC,short,2026-05-26 04:00:00+00:00,2026-06-17 16:00:00+00:00,136,0.08491662988738986,0.0014556511385647552,0.0834609787488251
BTC,short,2026-06-18 00:00:00+00:00,2026-07-01 00:00:00+00:00,79,0.03531667682775865,0.0007910971105972207,0.03452557971716143
ETH,short,2021-12-13 20:00:00+00:00,2021-12-14 12:00:00+00:00,5,-0.0003054365298690355,2.1962866163062214e-05,-0.0003273993960320977
ETH,short,2021-12-14 20:00:00+00:00,2021-12-15 04:00:00+00:00,3,-0.00040064324744928,2.1982508030153828e-05,-0.0004226257554794338
ETH,long,2021-12-16 04:00:00+00:00,2021-12-17 04:00:00+00:00,7,-0.0005636642622104775,3.9725741546457096e-05,-0.0006033900037569345
ETH,short,2021-12-20 12:00:00+00:00,2021-12-21 16:00:00+00:00,8,-0.000971468876226061,0.00014035215590340472,-0.0011118210321294656
ETH,short,2021-12-22 16:00:00+00:00,2021-12-22 16:00:00+00:00,1,0.0003700993036255348,7.036790960697785e-05,0.00029973139401855695
ETH,long,2021-12-24 04:00:00+00:00,2021-12-24 04:00:00+00:00,1,-0.00011020073560829241,2.3963211148278414e-05,-0.00013416394675657084
ETH,short,2021-12-25 12:00:00+00:00,2021-12-26 00:00:00+00:00,4,-0.0010313544458634058,0.00012093883674442669,-0.0011522932826078325
ETH,short,2021-12-26 12:00:00+00:00,2021-12-26 12:00:00+00:00,1,8.578938818854752e-05,5.1609871583328256e-05,3.417951660521927e-05
ETH,short,2021-12-27 16:00:00+00:00,2021-12-30 20:00:00+00:00,20,0.013700796440645912,0.00023994791867538756,0.013460848521970523
ETH,short,2022-02-11 08:00:00+00:00,2022-02-15 16:00:00+00:00,27,-0.0008771335126627224,8.647749194144974e-05,-0.0009636110046041721
ETH,short,2022-02-16 20:00:00+00:00,2022-02-23 16:00:00+00:00,42,0.011796364101705127,0.0001781594349795153,0.011618204666725612
ETH,short,2022-02-24 04:00:00+00:00,2022-02-24 16:00:00+00:00,4,0.003150020966360753,4.988796524273771e-05,0.003100133001118015
ETH,short,2022-03-04 04:00:00+00:00,2022-03-09 12:00:00+00:00,33,-0.002005473973054984,0.00012984415543235573,-0.00213531812848734
ETH,short,2022-03-10 16:00:00+00:00,2022-03-16 16:00:00+00:00,37,-0.010172293526519882,0.0003736666815642995,-0.010545960208084182
ETH,long,2022-03-22 08:00:00+00:00,2022-04-01 12:00:00+00:00,62,0.018182905113946574,0.0004896179182952395,0.017693287195651334
ETH,long,2022-04-02 04:00:00+00:00,2022-04-04 16:00:00+00:00,16,-8.096795993515972e-05,7.556842562864187e-05,-0.0001565363855638016
ETH,long,2022-04-05 04:00:00+00:00,2022-04-05 16:00:00+00:00,4,-0.001336348544422894,6.394382434864212e-05,-0.0014002923687715361
ETH,short,2022-04-11 04:00:00+00:00,2022-04-13 00:00:00+00:00,12,0.003160647573286852,0.00017625162634815603,0.002984395946938696
ETH,short,2022-04-16 12:00:00+00:00,2022-04-17 16:00:00+00:00,8,-0.002925145583719622,0.0002230825462789356,-0.003148228129998558
ETH,short,2022-04-18 00:00:00+00:00,2022-04-18 20:00:00+00:00,6,0.0006475359971614414,0.0002937595164378586,0.0003537764807235828
ETH,short,2022-04-22 20:00:00+00:00,2022-04-29 00:00:00+00:00,38,0.00034028051919397946,0.0005329987426969938,-0.0001927182235030143
ETH,short,2022-04-29 20:00:00+00:00,2022-05-02 20:00:00+00:00,19,0.0015162355810815868,0.0003871788407247781,0.0011290567403568087
ETH,short,2022-05-04 00:00:00+00:00,2022-05-04 12:00:00+00:00,4,-0.00169153641494323,4.9216930127481096e-05,-0.001740753345070711
ETH,short,2022-05-05 20:00:00+00:00,2022-05-05 20:00:00+00:00,1,4.064742217809437e-06,1.412681273101411e-06,2.6520609447080257e-06
ETH,short,2022-05-09 00:00:00+00:00,2022-05-11 12:00:00+00:00,16,0.008767023613851815,0.00015927403000047082,0.008607749583851345
ETH,short,2022-05-24 04:00:00+00:00,2022-05-28 20:00:00+00:00,29,0.018111123640963706,0.0005571743632974773,0.01755394927766623
ETH,short,2022-06-03 08:00:00+00:00,2022-06-05 20:00:00+00:00,16,-0.008172472975258553,0.0003091379875846833,-0.008481610962843236
ETH,short,2022-06-07 08:00:00+00:00,2022-06-07 20:00:00+00:00,4,-0.0029076044934454905,8.9584514161637e-05,-0.0029971890076071275
ETH,short,2022-06-08 04:00:00+00:00,2022-06-12 04:00:00+00:00,25,0.03921534042625068,0.00040711627456027914,0.038808224151690406
ETH,short,2022-07-04 08:00:00+00:00,2022-07-04 12:00:00+00:00,2,-4.849572230685672e-05,9.574142047817322e-07,-4.945313651163845e-05
ETH,short,2022-07-12 08:00:00+00:00,2022-07-13 20:00:00+00:00,10,-0.0017767752707342822,0.00016717023291857572,-0.001943945503652858
ETH,short,2022-07-25 12:00:00+00:00,2022-07-27 12:00:00+00:00,13,0.0010409889125885118,1.8792944155121245e-05,0.0010221959684333906
ETH,short,2022-08-02 12:00:00+00:00,2022-08-05 08:00:00+00:00,18,-0.0027234152592934048,0.00011051752135641176,-0.0028339327806498164
ETH,short,2022-08-07 12:00:00+00:00,2022-08-08 08:00:00+00:00,6,-0.0004685769515222188,2.2141991739085545e-05,-0.0004907189432613044
ETH,long,2022-08-09 00:00:00+00:00,2022-08-09 00:00:00+00:00,1,-0.00043677403234246705,0.00013623141060039,-0.000573005442942857
ETH,short,2022-08-09 16:00:00+00:00,2022-08-09 20:00:00+00:00,2,0.00030573454901318463,3.456406674768362e-05,0.000271170482265501
ETH,short,2022-08-10 08:00:00+00:00,2022-08-10 08:00:00+00:00,1,-0.0002792544863540885,2.7907805450699734e-05,-0.0003071622918047882
ETH,long,2022-08-15 00:00:00+00:00,2022-08-15 00:00:00+00:00,1,8.290450291378044e-05,3.763644632878199e-05,4.526805658499845e-05
ETH,short,2022-08-21 00:00:00+00:00,2022-08-21 00:00:00+00:00,1,-0.001374153245052382,0.0001801551112736786,-0.0015543083563260606
ETH,short,2022-08-21 12:00:00+00:00,2022-08-21 16:00:00+00:00,2,-0.004127069810669526,0.00018153593531636673,-0.004308605745985893
ETH,short,2022-08-22 12:00:00+00:00,2022-08-22 12:00:00+00:00,1,-0.0015478168147440325,0.0001814966733499667,-0.0017293134880939991
ETH,short,2022-08-23 12:00:00+00:00,2022-08-23 12:00:00+00:00,1,-0.0014356648776853484,0.00013551847363687795,-0.0015711833513222264
ETH,short,2022-08-27 00:00:00+00:00,2022-08-29 20:00:00+00:00,18,-0.0010121757073566606,0.00015258372254876683,-0.0011647594299054275
ETH,short,2022-09-01 20:00:00+00:00,2022-09-02 00:00:00+00:00,2,-0.0013348237499152898,4.431343540489581e-05,-0.0013791371853201855
ETH,short,2022-09-03 20:00:00+00:00,2022-09-06 08:00:00+00:00,16,-0.0012207666119320925,8.619981562774863e-05,-0.0013069664275598412
ETH,short,2022-09-07 08:00:00+00:00,2022-09-08 00:00:00+00:00,5,-0.005962317773815394,0.00011870835383350654,-0.0060810261276489
ETH,long,2022-09-09 12:00:00+00:00,2022-09-09 12:00:00+00:00,1,-0.0009052971439726825,0.0002239999454304944,-0.001129297089403177
ETH,short,2022-09-14 00:00:00+00:00,2022-09-15 16:00:00+00:00,11,0.00055669848027473,4.00668894728868e-05,0.0005166315908018432
ETH,short,2022-09-20 08:00:00+00:00,2022-09-21 16:00:00+00:00,9,-0.0001411499683527831,1.8532288056983494e-05,-0.0001596822564097666
ETH,short,2022-09-23 12:00:00+00:00,2022-09-27 04:00:00+00:00,23,-0.003637165101099603,0.0001320471245218986,-0.0037692122256215016
ETH,short,2022-09-28 00:00:00+00:00,2022-10-01 04:00:00+00:00,20,-0.010878112730285298,0.0003411616026703441,-0.011219274332955642
ETH,short,2022-10-01 16:00:00+00:00,2022-10-04 08:00:00+00:00,17,-0.003981380191611104,0.0003070945842755175,-0.004288474775886622
ETH,short,2022-10-08 20:00:00+00:00,2022-10-14 12:00:00+00:00,35,0.00011164620444847962,0.0004147882624084802,-0.0003031420579600006
ETH,long,2022-10-19 08:00:00+00:00,2022-10-19 08:00:00+00:00,1,-0.0011370752856270788,0.00024395000976956438,-0.0013810252953966433
ETH,short,2022-10-21 04:00:00+00:00,2022-10-22 00:00:00+00:00,6,-0.00046969014598895496,2.9262251982350108e-05,-0.0004989523979713051
ETH,long,2022-10-22 20:00:00+00:00,2022-10-22 20:00:00+00:00,1,-0.0010480569518661498,0.00037826528934532507,-0.0014263222412114749
ETH,long,2022-10-23 16:00:00+00:00,2022-11-03 00:00:00+00:00,63,0.05553272455564113,0.0005537252237240576,0.05497899933191707
ETH,long,2022-11-04 20:00:00+00:00,2022-11-07 04:00:00+00:00,15,-0.0038311537951767824,0.0001420879019254504,-0.0039732416971022325
ETH,short,2022-11-09 08:00:00+00:00,2022-11-10 16:00:00+00:00,9,-0.0008014923168817769,0.00016942286100235727,-0.0009709151778841342
ETH,short,2022-11-11 08:00:00+00:00,2022-11-12 12:00:00+00:00,8,-0.0011375570891783682,5.775077499180594e-05,-0.0011953078641701743
ETH,short,2022-11-13 00:00:00+00:00,2022-11-23 12:00:00+00:00,64,0.010767704558632175,0.0002844335238236875,0.010483271034808487
ETH,short,2022-12-07 12:00:00+00:00,2022-12-10 00:00:00+00:00,16,-0.006911027699863051,0.0002141808756469807,-0.007125208575510032
ETH,short,2022-12-12 12:00:00+00:00,2022-12-13 00:00:00+00:00,4,-0.0040649847317856935,0.00017357735422530827,-0.004238562086011002
ETH,long,2022-12-13 20:00:00+00:00,2022-12-15 16:00:00+00:00,12,-0.00686641109379286,0.00022543134711100796,-0.007091842440903868
ETH,short,2022-12-16 00:00:00+00:00,2022-12-20 16:00:00+00:00,29,0.004718485804162389,0.000419363245072449,0.00429912255908994
ETH,short,2022-12-23 00:00:00+00:00,2022-12-23 16:00:00+00:00,5,-0.0009227461907441627,4.262092502069878e-05,-0.0009653671157648614
ETH,short,2022-12-28 08:00:00+00:00,2023-01-02 12:00:00+00:00,32,-0.002545908508873907,0.0001803714209449252,-0.002726279929818832
ETH,long,2023-01-09 04:00:00+00:00,2023-01-22 12:00:00+00:00,81,0.06707440929365392,0.0006515617482185923,0.06642284754543533
ETH,long,2023-02-02 08:00:00+00:00,2023-02-03 04:00:00+00:00,6,-0.0012864728732541548,7.298662240882555e-05,-0.0013594594956629804
ETH,long,2023-02-04 20:00:00+00:00,2023-02-05 16:00:00+00:00,6,-0.0011799700646175789,7.472411939981753e-05,-0.0012546941840173964
ETH,long,2023-02-08 04:00:00+00:00,2023-02-08 20:00:00+00:00,5,-0.002471133029384731,0.00014013590723931644,-0.0026112689366240473
ETH,long,2023-02-16 04:00:00+00:00,2023-02-22 16:00:00+00:00,40,-0.0019337400557902801,0.00034767307063104263,-0.0022814131264213226
ETH,long,2023-02-27 08:00:00+00:00,2023-03-01 20:00:00+00:00,16,-0.0017584384029281877,0.00010073773273702559,-0.0018591761356652134
ETH,short,2023-03-04 12:00:00+00:00,2023-03-07 08:00:00+00:00,18,-0.00043155207072617045,0.00028546570960157253,-0.000717017780327743
ETH,short,2023-03-07 16:00:00+00:00,2023-03-08 04:00:00+00:00,4,7.37910526260173e-05,0.00015557211383701111,-8.178106121099382e-05
ETH,long,2023-03-12 00:00:00+00:00,2023-03-25 00:00:00+00:00,79,0.01451614344955558,0.0006711643712654226,0.013844979078290158
ETH,long,2023-03-29 00:00:00+00:00,2023-04-07 12:00:00+00:00,58,0.007390746385690549,0.0009509445818254258,0.006439801803865123
ETH,long,2023-04-12 08:00:00+00:00,2023-04-19 08:00:00+00:00,43,0.022043616691631136,0.000590061253659844,0.021453555437971294
ETH,long,2023-05-04 04:00:00+00:00,2023-05-06 20:00:00+00:00,17,-0.009250629662450839,0.00037722762989494653,-0.009627857292345785
ETH,short,2023-05-17 12:00:00+00:00,2023-05-17 16:00:00+00:00,2,0.00033909971831799855,7.684445373674244e-05,0.0002622552645812561
ETH,short,2023-05-19 00:00:00+00:00,2023-05-19 00:00:00+00:00,1,-0.0005254971997848505,0.00016500045945172035,-0.0006904976592365709
ETH,long,2023-05-23 00:00:00+00:00,2023-05-24 08:00:00+00:00,9,-0.0022305509254272144,0.0002984711337446333,-0.0025290220591718477
ETH,long,2023-05-26 20:00:00+00:00,2023-05-31 20:00:00+00:00,31,0.00673277656281707,0.00043797949758994165,0.006294797065227129
ETH,long,2023-06-03 00:00:00+00:00,2023-06-04 04:00:00+00:00,8,-0.0012147949264948625,0.000260928825757433,-0.0014757237522522956
ETH,long,2023-06-04 12:00:00+00:00,2023-06-04 12:00:00+00:00,1,0.00020506879510305927,0.0002615040027755207,-5.6435207672461446e-05
ETH,long,2023-06-04 20:00:00+00:00,2023-06-04 20:00:00+00:00,1,0.0004829365503727808,0.00035169993055771776,0.00013123661981506306
ETH,short,2023-06-05 20:00:00+00:00,2023-06-06 20:00:00+00:00,7,-0.015335245636007565,0.00032072848310056774,-0.015655974119108133
ETH,short,2023-06-09 12:00:00+00:00,2023-06-17 00:00:00+00:00,46,0.013527644065613818,0.0006675451657926674,0.01286009889982115
ETH,long,2023-06-21 08:00:00+00:00,2023-06-26 20:00:00+00:00,34,0.006009704823260962,0.0003596438686670791,0.005650060954593883
ETH,long,2023-06-28 00:00:00+00:00,2023-06-28 00:00:00+00:00,1,-0.00045636843699977276,0.00014857964504587308,-0.0006049480820456458
ETH,long,2023-07-01 00:00:00+00:00,2023-07-05 16:00:00+00:00,29,-0.0030694913048841042,0.0006076612422578822,-0.0036771525471419866
ETH,short,2023-07-07 00:00:00+00:00,2023-07-07 08:00:00+00:00,3,0.0017785712210699612,0.0003860588193004722,0.001392512401769489
ETH,short,2023-07-07 16:00:00+00:00,2023-07-07 16:00:00+00:00,1,-0.0023099398232928293,0.00038488221366943275,-0.002694822036962262
ETH,long,2023-07-13 20:00:00+00:00,2023-07-16 08:00:00+00:00,16,0.005106985774791368,0.00048823708288336877,0.004618748691907999
ETH,long,2023-07-30 04:00:00+00:00,2023-07-30 20:00:00+00:00,5,-0.0009335921599141788,7.929690959948815e-05,-0.0010128890695136668
ETH,short,2023-08-01 04:00:00+00:00,2023-08-08 20:00:00+00:00,47,-0.007313114544806875,0.0016574551783147767,-0.008970569723121652
ETH,long,2023-08-09 12:00:00+00:00,2023-08-09 12:00:00+00:00,1,1.3455393947326606e-05,9.277942639817793e-05,-7.932403245085132e-05
ETH,short,2023-08-14 04:00:00+00:00,2023-08-23 20:00:00+00:00,59,0.04187968459120865,0.0006340072307587478,0.0412456773604499
ETH,short,2023-08-28 16:00:00+00:00,2023-08-29 16:00:00+00:00,7,-0.0017331498438017015,6.499539774901115e-05,-0.0017981452415507127
ETH,short,2023-09-02 00:00:00+00:00,2023-09-08 00:00:00+00:00,37,-0.002771732174234935,0.00024311637619700577,-0.0030148485504319406
ETH,short,2023-09-08 16:00:00+00:00,2023-09-12 16:00:00+00:00,25,0.0010647882264049995,0.0006286984264388363,0.00043608979996616315
ETH,short,2023-09-21 00:00:00+00:00,2023-09-28 08:00:00+00:00,45,-0.001336685778141035,0.000996453487986176,-0.002333139266127211
ETH,short,2023-10-05 20:00:00+00:00,2023-10-06 20:00:00+00:00,7,-0.00798576165171655,0.0004930491644511636,-0.008478810816167713
ETH,short,2023-10-08 16:00:00+00:00,2023-10-17 00:00:00+00:00,51,0.005063347439631592,0.000973772509496015,0.0040895749301355765
ETH,short,2023-10-18 00:00:00+00:00,2023-10-20 04:00:00+00:00,14,-0.005824384134253107,0.00029110192438389483,-0.006115486058637002
ETH,long,2023-10-22 00:00:00+00:00,2023-10-22 00:00:00+00:00,1,-0.0011358677047390625,0.0003002481979153664,-0.001436115902654429
ETH,long,2023-10-23 08:00:00+00:00,2023-11-13 04:00:00+00:00,126,0.06190942012746679,0.0015307961445323733,0.060378623982934414
ETH,long,2023-11-13 12:00:00+00:00,2023-11-13 16:00:00+00:00,2,0.0007348706689834705,2.6049614458136655e-05,0.0007088210545253338
ETH,long,2023-11-22 16:00:00+00:00,2023-11-27 12:00:00+00:00,30,0.0031132278989534174,0.00062099604256272,0.002492231856390697
ETH,long,2023-12-01 08:00:00+00:00,2023-12-06 12:00:00+00:00,32,0.020929395499838497,0.0004184501429853472,0.02051094535685315
ETH,long,2023-12-08 00:00:00+00:00,2023-12-09 12:00:00+00:00,10,0.0005433821812307101,8.489801474450744e-05,0.0004584841664862027
ETH,long,2023-12-22 20:00:00+00:00,2023-12-24 08:00:00+00:00,10,-0.001126912460842771,6.106415282015323e-05,-0.0011879766136629242
ETH,long,2023-12-29 00:00:00+00:00,2023-12-29 16:00:00+00:00,5,-0.00043728564161896373,2.963197805199025e-05,-0.000466917619670954
ETH,long,2024-01-10 04:00:00+00:00,2024-01-13 00:00:00+00:00,18,0.01843370846973247,0.00039058282828478044,0.01804312564144769
ETH,long,2024-01-31 00:00:00+00:00,2024-01-31 12:00:00+00:00,4,-0.0029030412380991613,9.073242344270158e-05,-0.002993773661541863
ETH,long,2024-02-05 16:00:00+00:00,2024-02-16 20:00:00+00:00,68,0.052183121030562024,0.000687353310171593,0.05149576772039043
ETH,long,2024-02-17 04:00:00+00:00,2024-02-23 16:00:00+00:00,40,0.0001346288041874314,0.000579137194633163,-0.00044450839044573155
ETH,long,2024-02-24 12:00:00+00:00,2024-02-28 12:00:00+00:00,25,0.028485079016699107,0.0004759374992306319,0.028009141517468476
ETH,long,2024-03-25 20:00:00+00:00,2024-03-25 20:00:00+00:00,1,0.0002635725750857383,1.5110665062558162e-05,0.00024846191002318014
ETH,long,2024-04-08 04:00:00+00:00,2024-04-09 16:00:00+00:00,10,-0.0064034207737630735,0.0002907743023313735,-0.006694195076094447
ETH,long,2024-04-15 12:00:00+00:00,2024-04-15 20:00:00+00:00,3,-0.007165775285008419,0.00021357746897178833,-0.007379352753980207
ETH,long,2024-04-19 12:00:00+00:00,2024-04-20 12:00:00+00:00,7,-0.0013389642424032145,0.00012154611494467625,-0.0014605103573478908
ETH,long,2024-04-20 20:00:00+00:00,2024-04-24 20:00:00+00:00,25,0.000534871480211674,0.00016549737955269363,0.0003693741006589804
ETH,long,2024-04-28 04:00:00+00:00,2024-04-28 12:00:00+00:00,3,0.002644594464637516,0.00042934288142577664,0.0022152515832117394
ETH,long,2024-04-29 00:00:00+00:00,2024-04-29 00:00:00+00:00,1,-0.007572415158161627,0.0004297480490649701,-0.008002163207226597
ETH,short,2024-04-29 20:00:00+00:00,2024-05-03 04:00:00+00:00,21,0.003250832285745569,0.0002584586046890822,0.002992373681056487
ETH,short,2024-05-08 04:00:00+00:00,2024-05-13 12:00:00+00:00,33,-0.0056731471861792,0.0005906628529464044,-0.006263810039125604
ETH,short,2024-05-14 12:00:00+00:00,2024-05-17 08:00:00+00:00,18,-0.023880517066273484,0.0007959699708276946,-0.024676487037101177
ETH,long,2024-05-17 20:00:00+00:00,2024-05-19 12:00:00+00:00,11,-0.0010720342775583402,0.00023382897185223193,-0.001305863249410572
ETH,long,2024-05-20 04:00:00+00:00,2024-06-03 16:00:00+00:00,88,0.04418068626139524,0.0005074112973859512,0.043673274964009294
ETH,long,2024-06-19 12:00:00+00:00,2024-06-20 16:00:00+00:00,8,-0.0005638143411823049,4.1814307201539424e-05,-0.0006056286483838443
ETH,long,2024-06-27 20:00:00+00:00,2024-06-28 08:00:00+00:00,4,-0.00032826424474368846,5.786838710790241e-05,-0.0003861326318515909
ETH,short,2024-06-29 00:00:00+00:00,2024-06-29 00:00:00+00:00,1,4.5901213911517514e-05,3.8365262761597057e-05,7.535951149920457e-06
ETH,short,2024-06-29 16:00:00+00:00,2024-06-30 20:00:00+00:00,8,-0.0003561790996602205,0.00020421849333488115,-0.0005603975929951016
ETH,long,2024-07-01 08:00:00+00:00,2024-07-01 20:00:00+00:00,4,-0.0014928866283341119,0.00020424908188298286,-0.0016971357102170948
ETH,short,2024-07-03 08:00:00+00:00,2024-07-06 08:00:00+00:00,19,0.0314977856653222,0.0004900266698379799,0.03100775899548422
ETH,long,2024-07-17 08:00:00+00:00,2024-07-19 00:00:00+00:00,11,-0.003391773022977944,0.00022563308335180548,-0.0036174061063297494
ETH,long,2024-07-20 00:00:00+00:00,2024-07-20 00:00:00+00:00,1,-1.1572128641739197e-05,0.00023211194100287462,-0.0002436840696446138
ETH,long,2024-07-21 04:00:00+00:00,2024-07-21 12:00:00+00:00,3,-0.001540234980316011,0.00025139229424665153,-0.0017916272745626626
ETH,long,2024-07-21 20:00:00+00:00,2024-07-21 20:00:00+00:00,1,-0.0006645935963417194,0.0002517916885000268,-0.0009163852848417461
ETH,long,2024-07-22 04:00:00+00:00,2024-07-22 08:00:00+00:00,2,-0.003503783529813954,0.00021071438046244755,-0.0037144979102764013
ETH,long,2024-07-22 16:00:00+00:00,2024-07-22 16:00:00+00:00,1,-0.0021759798204963594,0.00017001804479227297,-0.0023459978652886323
ETH,long,2024-07-23 00:00:00+00:00,2024-07-23 00:00:00+00:00,1,-0.0006789147218051476,4.2246740697466735e-05,-0.0007211614625026143
ETH,short,2024-07-23 12:00:00+00:00,2024-07-23 12:00:00+00:00,1,-0.0015382210371902838,8.173433146335202e-05,-0.0016199553686536358
ETH,short,2024-07-23 20:00:00+00:00,2024-07-29 08:00:00+00:00,34,-0.003571520323296763,0.0004798843325879272,-0.00405140465588469
ETH,short,2024-07-31 00:00:00+00:00,2024-08-05 16:00:00+00:00,35,0.09425213697662814,0.0004101298170208911,0.09384200715960725
ETH,short,2024-08-19 16:00:00+00:00,2024-08-20 08:00:00+00:00,5,-0.0006597791938438649,2.481584301468161e-05,-0.0006845950368585465
ETH,short,2024-08-21 00:00:00+00:00,2024-08-21 20:00:00+00:00,6,-0.0005947692457931373,3.3609627085955106e-05,-0.0006283788728790924
ETH,short,2024-08-22 20:00:00+00:00,2024-08-23 04:00:00+00:00,3,-0.0007692583364641366,5.859505570692917e-05,-0.0008278533921710657
ETH,short,2024-08-27 04:00:00+00:00,2024-08-29 12:00:00+00:00,15,0.013933174867011733,0.0004002582317626162,0.013532916635249116
ETH,short,2024-09-04 04:00:00+00:00,2024-09-04 16:00:00+00:00,4,-8.269503963017765e-05,3.340211725231327e-05,-0.00011609715688249092
ETH,short,2024-09-05 16:00:00+00:00,2024-09-08 12:00:00+00:00,18,0.006353238398351831,0.00023793837066168896,0.0061153000276901424
ETH,short,2024-09-16 08:00:00+00:00,2024-09-16 16:00:00+00:00,3,-0.0003936107336902516,4.8267288484094676e-05,-0.0004418780221743463
ETH,short,2024-09-17 20:00:00+00:00,2024-09-17 20:00:00+00:00,1,0.0008425851817859597,5.803737440907756e-05,0.0007845478073768822
ETH,short,2024-09-18 16:00:00+00:00,2024-09-25 20:00:00+00:00,44,-0.012156297117304803,0.00027083486073207054,-0.012427131978036873
ETH,short,2024-10-02 08:00:00+00:00,2024-10-06 16:00:00+00:00,27,-0.00024075240963635327,9.480464317562743e-05,-0.0003355570528119807
ETH,short,2024-10-08 00:00:00+00:00,2024-10-11 08:00:00+00:00,21,-0.0019145826520132925,0.0002785457177573205,-0.002193128369770613
ETH,long,2024-10-15 00:00:00+00:00,2024-10-15 08:00:00+00:00,3,-0.0004492114778060923,0.00024845460571346404,-0.0006976660835195563
ETH,long,2024-10-15 20:00:00+00:00,2024-10-15 20:00:00+00:00,1,0.0014129561660674945,0.00020581181886519305,0.0012071443472023015
ETH,long,2024-10-16 04:00:00+00:00,2024-10-17 00:00:00+00:00,6,0.0003551532361078642,0.00023824599229520414,0.00011690724381266005
ETH,long,2024-10-17 08:00:00+00:00,2024-10-17 12:00:00+00:00,2,-0.004491418800768061,0.00026330852396999133,-0.004754727324738052
ETH,long,2024-10-18 12:00:00+00:00,2024-10-19 04:00:00+00:00,5,0.0004587413201004453,0.0002763248269507776,0.00018241649314966772
ETH,long,2024-10-19 20:00:00+00:00,2024-10-22 08:00:00+00:00,16,0.0018797695329341654,0.0002824511756557385,0.0015973183572784268
ETH,short,2024-10-23 12:00:00+00:00,2024-10-29 08:00:00+00:00,36,-0.005797496381418143,0.000554541490759325,-0.006352037872177468
ETH,long,2024-10-30 16:00:00+00:00,2024-10-31 20:00:00+00:00,8,-0.003409712017645926,0.00013368462419577443,-0.0035433966418417003
ETH,short,2024-11-01 20:00:00+00:00,2024-11-02 16:00:00+00:00,6,0.0014241193777653537,0.0003456520647354592,0.0010784673130298946
ETH,short,2024-11-03 20:00:00+00:00,2024-11-03 20:00:00+00:00,1,-0.0018653429583471452,0.00031223718799693436,-0.0021775801463440794
ETH,short,2024-11-05 04:00:00+00:00,2024-11-05 04:00:00+00:00,1,-0.0021876406626000796,0.00022576771826507037,-0.00241340838086515
ETH,short,2024-11-05 20:00:00+00:00,2024-11-06 04:00:00+00:00,3,-0.01340878312084681,0.00022488011703356093,-0.01363366323788037
ETH,long,2024-11-08 00:00:00+00:00,2024-11-12 00:00:00+00:00,25,0.0203604599436303,0.00018867373836073948,0.02017178620526956
ETH,long,2024-11-27 16:00:00+00:00,2024-11-29 12:00:00+00:00,12,0.0006489365549570961,0.00010056260765791062,0.0005483739472991855
ETH,long,2024-12-04 20:00:00+00:00,2024-12-05 04:00:00+00:00,3,2.413045584132879e-05,0.00012751998158756685,-0.00010338952574623806
ETH,long,2024-12-17 00:00:00+00:00,2024-12-18 00:00:00+00:00,7,-0.0010614231012720924,3.704028018922386e-05,-0.0010984633814613164
ETH,long,2024-12-30 16:00:00+00:00,2024-12-30 16:00:00+00:00,1,-0.0020510601379225596,6.82422430024058e-05,-0.0021193023809249656
ETH,long,2024-12-31 20:00:00+00:00,2024-12-31 20:00:00+00:00,1,-0.00024185074502868528,1.548912291194135e-05,-0.00025733986794062663
ETH,long,2025-01-02 12:00:00+00:00,2025-01-08 00:00:00+00:00,34,-0.006230631114332094,0.00026374517910314845,-0.006494376293435242
ETH,long,2025-01-09 20:00:00+00:00,2025-01-10 16:00:00+00:00,6,-0.00031605729403643085,1.8827816818724374e-05,-0.00033488511085515523
ETH,short,2025-01-11 00:00:00+00:00,2025-01-11 16:00:00+00:00,5,7.366242014185268e-05,1.7741774681979608e-05,5.592064545987307e-05
ETH,short,2025-01-12 20:00:00+00:00,2025-01-12 20:00:00+00:00,1,3.965353375946121e-05,2.1400276398338294e-05,1.8253257361122918e-05
ETH,short,2025-01-13 12:00:00+00:00,2025-01-13 16:00:00+00:00,2,0.001106626011113147,2.2443426741905913e-05,0.001084182584371241
ETH,short,2025-01-15 16:00:00+00:00,2025-01-15 16:00:00+00:00,1,-0.005136412070441217,0.00011672423851440994,-0.005253136308955627
ETH,long,2025-01-16 04:00:00+00:00,2025-01-16 12:00:00+00:00,3,-0.0006688586377154688,2.709265534666763e-05,-0.0006959512930621364
ETH,short,2025-01-21 00:00:00+00:00,2025-01-21 20:00:00+00:00,6,0.0016882587867443032,0.0003616018067606327,0.0013266569799836704
ETH,short,2025-01-22 08:00:00+00:00,2025-01-25 16:00:00+00:00,21,-0.0012759213941906091,0.00048482559046265005,-0.0017607469846532592
ETH,short,2025-01-26 04:00:00+00:00,2025-01-26 08:00:00+00:00,2,-0.0004409102248540621,7.040763992648725e-05,-0.0005113178647805493
ETH,short,2025-01-26 16:00:00+00:00,2025-01-30 16:00:00+00:00,25,-0.0004012100477423517,0.00031530894906955394,-0.0007165189968119056
ETH,long,2025-01-31 20:00:00+00:00,2025-01-31 20:00:00+00:00,1,-0.004404279251328843,0.00015520888193491358,-0.004559488133263756
ETH,short,2025-02-02 00:00:00+00:00,2025-02-04 04:00:00+00:00,14,0.03594429388480864,0.00024088799385497262,0.035703405890953666
ETH,short,2025-02-19 04:00:00+00:00,2025-02-19 08:00:00+00:00,2,-0.0010838713429029776,7.438128914487356e-05,-0.0011582526320478511
ETH,short,2025-02-22 04:00:00+00:00,2025-02-22 08:00:00+00:00,2,-0.000288391256039255,3.583839721082077e-05,-0.00032422965325007577
ETH,short,2025-02-24 20:00:00+00:00,2025-03-03 08:00:00+00:00,40,0.0057701858656004626,0.0002997462940594561,0.005470439571541006
ETH,short,2025-03-03 20:00:00+00:00,2025-03-05 12:00:00+00:00,11,0.0021230785100821528,0.00022689918199831144,0.0018961793280838414
ETH,short,2025-03-07 08:00:00+00:00,2025-03-11 20:00:00+00:00,28,0.003772493925361416,0.0002655487928398226,0.0035069451325215936
ETH,short,2025-03-12 20:00:00+00:00,2025-03-13 12:00:00+00:00,5,-0.0005690604876580153,4.222847042290286e-05,-0.0006112889580809182
ETH,short,2025-03-28 12:00:00+00:00,2025-04-01 16:00:00+00:00,26,0.0009274802549828435,0.00015629164466869408,0.0007711886103141494
ETH,short,2025-04-02 12:00:00+00:00,2025-04-02 12:00:00+00:00,1,-7.10411082333225e-05,2.0609777958822944e-05,-9.165088619214544e-05
ETH,short,2025-04-03 08:00:00+00:00,2025-04-03 16:00:00+00:00,3,0.0002822967183001064,1.4645237592582706e-05,0.0002676514807075237
ETH,short,2025-04-04 12:00:00+00:00,2025-04-05 00:00:00+00:00,4,-2.731245221513166e-05,3.632025906983879e-05,-6.363271128497045e-05
ETH,short,2025-04-05 20:00:00+00:00,2025-04-06 08:00:00+00:00,4,-0.0015337872056134382,0.0001379739797294321,-0.0016717611853428703
ETH,short,2025-04-06 20:00:00+00:00,2025-04-07 12:00:00+00:00,5,0.0407533459895812,0.000325233192794457,0.04042811279678674
ETH,short,2025-04-22 12:00:00+00:00,2025-04-22 12:00:00+00:00,1,-0.00021806361675951935,4.142289480702086e-05,-0.00025948651156654023
ETH,short,2025-05-06 16:00:00+00:00,2025-05-07 04:00:00+00:00,4,-0.0027454038808167255,0.00011383865063877447,-0.0028592425314555
ETH,long,2025-05-09 00:00:00+00:00,2025-05-17 04:00:00+00:00,50,0.02561103485211391,0.0007170103172197391,0.024894024534894168
ETH,long,2025-05-20 04:00:00+00:00,2025-05-21 20:00:00+00:00,11,-0.003393058712910962,0.00020434109814515523,-0.0035973998110561175
ETH,long,2025-05-27 16:00:00+00:00,2025-05-30 12:00:00+00:00,18,-0.00019079993225175188,0.00022815535291472553,-0.0004189552851664774
ETH,long,2025-06-03 04:00:00+00:00,2025-06-05 16:00:00+00:00,16,-0.0015170078541115236,0.00033733116408437896,-0.0018543390181959027
ETH,long,2025-06-10 00:00:00+00:00,2025-06-13 00:00:00+00:00,19,0.0006022742923406724,0.00035348456660357986,0.0002487897257370925
ETH,short,2025-06-13 08:00:00+00:00,2025-06-14 00:00:00+00:00,5,-0.0017939575662734215,0.00010988219977186741,-0.0019038397660452889
ETH,long,2025-06-14 12:00:00+00:00,2025-06-14 12:00:00+00:00,1,3.7478319959948126e-05,6.252197443371192e-05,-2.5043654473763796e-05
ETH,long,2025-06-16 20:00:00+00:00,2025-06-17 12:00:00+00:00,5,-0.00562111906431486,0.00016208659785422338,-0.005783205662169083
ETH,short,2025-06-17 20:00:00+00:00,2025-06-17 20:00:00+00:00,1,-0.0023985986996973886,0.0001954372900725053,-0.002594035989769894
ETH,short,2025-06-19 00:00:00+00:00,2025-06-19 12:00:00+00:00,4,-0.003049497122884894,0.00018635670787899245,-0.0032358538307638864
ETH,short,2025-06-20 04:00:00+00:00,2025-06-20 08:00:00+00:00,2,-0.00013530009277855826,2.8360716092432347e-05,-0.0001636608088709906
ETH,short,2025-06-20 20:00:00+00:00,2025-06-23 16:00:00+00:00,18,0.017582729130460384,0.00019246664283569832,0.017390262487624687
ETH,long,2025-06-25 12:00:00+00:00,2025-06-25 12:00:00+00:00,1,-0.0020072491774660015,0.0002843253914596692,-0.0022915745689256707
ETH,long,2025-06-26 12:00:00+00:00,2025-06-26 12:00:00+00:00,1,-0.0031630351954214657,0.00018039583374839928,-0.003343431029169865
ETH,long,2025-06-26 20:00:00+00:00,2025-06-27 20:00:00+00:00,7,-0.0022936119064685167,0.00024050270976828963,-0.0025341146162368064
ETH,long,2025-06-30 08:00:00+00:00,2025-07-01 00:00:00+00:00,5,-0.0009552523742375175,0.000155252996475132,-0.0011105053707126495
ETH,long,2025-07-01 08:00:00+00:00,2025-07-02 08:00:00+00:00,7,-0.001606023654878246,0.00022840060652392434,-0.0018344242614021704
ETH,long,2025-07-02 20:00:00+00:00,2025-07-05 04:00:00+00:00,15,-0.00455935482379173,0.00019139881754881504,-0.004750753641340545
ETH,long,2025-07-06 20:00:00+00:00,2025-07-08 00:00:00+00:00,8,-0.0010503129491707054,8.220717414356989e-05,-0.0011325201233142754
ETH,long,2025-07-08 16:00:00+00:00,2025-07-22 04:00:00+00:00,82,0.10456637455847492,0.0006756222001033835,0.10389075235837154
ETH,long,2025-07-26 12:00:00+00:00,2025-07-30 20:00:00+00:00,27,0.0023328140293698433,0.0004052773840092515,0.0019275366453605919
ETH,long,2025-07-31 08:00:00+00:00,2025-08-01 00:00:00+00:00,5,-0.00749723441784365,0.00023822672996634775,-0.007735461147809998
ETH,long,2025-08-04 20:00:00+00:00,2025-08-05 16:00:00+00:00,6,-0.0013805974412681053,5.64678773782021e-05,-0.0014370653186463074
ETH,long,2025-08-06 20:00:00+00:00,2025-08-07 00:00:00+00:00,2,1.2920902453967814e-05,3.7828785159427727e-05,-2.490788270545991e-05
ETH,long,2025-08-07 16:00:00+00:00,2025-08-15 20:00:00+00:00,50,0.052218316991706905,0.00040098987009253815,0.05181732712161437
ETH,long,2025-09-11 16:00:00+00:00,2025-09-15 20:00:00+00:00,26,0.0004883270821898682,0.0001295501564817066,0.0003587769257081616
ETH,long,2025-09-29 20:00:00+00:00,2025-09-29 20:00:00+00:00,1,0.00020606166672371837,3.372550711953037e-05,0.000172336159604188
ETH,long,2025-09-30 04:00:00+00:00,2025-10-08 16:00:00+00:00,52,0.006821477529650681,0.0003080799627239328,0.006513397566926748
ETH,short,2025-10-10 20:00:00+00:00,2025-10-14 00:00:00+00:00,20,0.005889938386248701,0.0004453972944315782,0.005444541091817123
ETH,short,2025-10-14 16:00:00+00:00,2025-10-20 12:00:00+00:00,36,-0.0024933539885819396,0.00032463861169860185,-0.0028179926002805415
ETH,short,2025-10-21 00:00:00+00:00,2025-10-24 16:00:00+00:00,23,-0.008910193784631572,0.0004954188440687379,-0.00940561262870031
ETH,short,2025-10-25 00:00:00+00:00,2025-10-25 20:00:00+00:00,6,-0.0005436323195297324,6.99385118558885e-05,-0.0006135708313856209
ETH,short,2025-10-26 08:00:00+00:00,2025-10-26 08:00:00+00:00,1,-0.0004097231734721963,7.00146382585943e-05,-0.0004797378117307906
ETH,long,2025-10-26 16:00:00+00:00,2025-10-28 20:00:00+00:00,14,-0.0023877022947371607,0.0003239785088646566,-0.002711680803601817
ETH,short,2025-10-29 08:00:00+00:00,2025-11-08 04:00:00+00:00,60,0.014736341129682539,0.0004096661232673116,0.014326675006415228
ETH,short,2025-11-14 00:00:00+00:00,2025-11-17 12:00:00+00:00,22,-0.0020944322417853897,0.0001652639776831256,-0.0022596962194685152
ETH,short,2025-11-17 20:00:00+00:00,2025-11-19 04:00:00+00:00,9,-0.0035443441422028862,0.00015890388376081196,-0.0037032480259636983
ETH,short,2025-11-19 12:00:00+00:00,2025-11-24 04:00:00+00:00,29,0.00539699693970875,0.00035500740318130124,0.005041989536527449
ETH,short,2025-11-24 16:00:00+00:00,2025-11-24 20:00:00+00:00,2,-0.0010541772361499831,2.7992347122365315e-05,-0.0010821695832723484
ETH,short,2025-12-13 00:00:00+00:00,2025-12-15 12:00:00+00:00,16,-0.0007853299087325609,5.419791552500152e-05,-0.0008395278242575623
ETH,short,2025-12-15 20:00:00+00:00,2025-12-19 08:00:00+00:00,22,-0.0023407379009894834,0.00025391544026245823,-0.002594653341251942
ETH,short,2025-12-26 20:00:00+00:00,2025-12-29 08:00:00+00:00,16,-0.0028599171050153424,0.00016330096177067394,-0.003023218066786016
ETH,short,2026-01-08 20:00:00+00:00,2026-01-13 20:00:00+00:00,31,-0.010189520584301809,0.0005423004173964682,-0.010731821001698278
ETH,long,2026-01-14 00:00:00+00:00,2026-01-19 16:00:00+00:00,35,-0.0014532818607861007,0.00017066077830606136,-0.001623942639092162
ETH,short,2026-01-21 04:00:00+00:00,2026-01-21 20:00:00+00:00,5,-0.007113229092880373,0.00022218539808552276,-0.007335414490965896
ETH,short,2026-01-22 04:00:00+00:00,2026-01-22 04:00:00+00:00,1,-0.0017313462787363243,0.00018322616644936962,-0.0019145724451856939
ETH,short,2026-01-23 04:00:00+00:00,2026-01-23 04:00:00+00:00,1,-0.0006567516798173563,0.00018480203416756615,-0.0008415537139849225
ETH,short,2026-01-24 00:00:00+00:00,2026-01-24 00:00:00+00:00,1,-2.9737275039060744e-05,0.0001863851775920029,-0.00021612245263106367
ETH,short,2026-01-24 20:00:00+00:00,2026-01-27 08:00:00+00:00,16,0.0030865435677581658,0.00018886664129282846,0.0028976769264653372
ETH,short,2026-01-29 20:00:00+00:00,2026-02-06 04:00:00+00:00,45,0.061877855744711274,0.00027763261394597087,0.061600223130765304
ETH,short,2026-02-16 04:00:00+00:00,2026-02-18 08:00:00+00:00,14,-0.0011199320905540648,6.385069851303938e-05,-0.0011837827890671042
ETH,short,2026-02-19 00:00:00+00:00,2026-02-22 04:00:00+00:00,20,-0.004749582779345959,0.0003028099581195718,-0.005052392737465531
ETH,short,2026-02-23 00:00:00+00:00,2026-02-23 12:00:00+00:00,4,0.0021593178939720565,0.00012311814455896847,0.0020361997494130883
ETH,short,2026-02-24 12:00:00+00:00,2026-02-24 16:00:00+00:00,2,-9.83669423889618e-05,7.5477458403444875e-06,-0.00010591468822930628
ETH,short,2026-03-08 16:00:00+00:00,2026-03-09 20:00:00+00:00,8,-0.0016762185142740883,5.133024793152687e-05,-0.0017275487622056152
ETH,short,2026-03-22 04:00:00+00:00,2026-03-23 12:00:00+00:00,9,-0.0009514769007181431,7.322604238300704e-05,-0.00102470294310115
ETH,short,2026-03-25 00:00:00+00:00,2026-03-25 08:00:00+00:00,3,-0.0007991182760911297,3.577308168462839e-05,-0.0008348913577757581
ETH,short,2026-03-26 12:00:00+00:00,2026-03-30 08:00:00+00:00,24,0.0021005302553482085,0.00014419840429005974,0.001956331851058149
ETH,long,2026-04-06 08:00:00+00:00,2026-04-07 12:00:00+00:00,8,-0.0038226356025460114,0.00024976590253863095,-0.004072401505084642
ETH,long,2026-04-08 04:00:00+00:00,2026-04-12 16:00:00+00:00,28,-0.0046987554052025605,0.0003200089217793065,-0.005018764326981867
ETH,long,2026-04-14 04:00:00+00:00,2026-04-17 04:00:00+00:00,19,-0.0031395694648257916,0.0001997249426091763,-0.0033392944074349677
ETH,long,2026-04-17 12:00:00+00:00,2026-04-19 00:00:00+00:00,10,-0.0026165941937928133,0.00016834810336994433,-0.0027849422971627574
ETH,long,2026-04-22 20:00:00+00:00,2026-04-23 12:00:00+00:00,5,-0.002755894889738008,0.00012349080936706547,-0.0028793856991050737
ETH,long,2026-05-03 16:00:00+00:00,2026-05-07 04:00:00+00:00,22,0.0006386846729845581,0.00020472478850118493,0.0004339598844833732
ETH,short,2026-05-14 00:00:00+00:00,2026-05-15 00:00:00+00:00,7,-0.005360635803274339,0.0005466998033755637,-0.005907335606649903
ETH,short,2026-05-15 12:00:00+00:00,2026-05-24 08:00:00+00:00,54,0.025019439042446058,0.0005879745533587495,0.02443146448908731
ETH,short,2026-05-26 12:00:00+00:00,2026-05-26 12:00:00+00:00,1,-0.0003188040427090699,2.6087012524473828e-05,-0.0003448910552335437
ETH,short,2026-05-26 20:00:00+00:00,2026-06-06 08:00:00+00:00,64,0.03085184484328462,0.0007545426260697451,0.030097302217214874
ETH,short,2026-06-23 04:00:00+00:00,2026-06-25 12:00:00+00:00,15,0.006678374699969577,0.0001530153130971447,0.006525359386872432
ETH,short,2026-06-25 20:00:00+00:00,2026-06-26 16:00:00+00:00,6,-0.0008859735035019183,6.962719691105711e-05,-0.0009556007004129754
ETH,short,2026-06-29 04:00:00+00:00,2026-06-29 20:00:00+00:00,5,-0.0007012958191236296,3.297114318629398e-05,-0.0007342669623099236
ETH,short,2026-06-30 16:00:00+00:00,2026-07-01 00:00:00+00:00,3,-1.1486203215894909e-05,5.348905549318821e-05,-6.497525870908312e-05
